"","importance"
"GLY..atom.46...DG.atom.84..",100
"SER..atom.2...DT.atom.87..",97.7087464585765
"LYS..atom.38...DT.atom.87..",88.2202245710886
"ASP..atom.3...DT.atom.87..",82.6770766551084
"GLY..atom.40...DT.atom.87..",80.5177770174443
"LEU..atom.75...DG.atom.86..",76.9615681582913
"VAL..atom.31...DT.atom.88..",70.2370782357258
"LYS..atom.43...DT.atom.87..",63.6699323756496
"PHE..atom.47...DT.atom.87..",61.8257878492022
"ARG..atom.49...DT.atom.88..",59.5550489010275
"LYS..atom.35...DG.atom.86..",58.2224881285879
"PRO..atom.76...DG.atom.86..",57.5554442401604
"LYS..atom.43...DG.atom.86..",56.8470388400562
"SER..atom.2...DT.atom.88..",55.7509838901283
"LEU..atom.4...DG.atom.86..",54.7954613024183
"SER..atom.2...GLN.atom.56..",54.4278536954582
"LYS..atom.35...DT.atom.87..",52.7177182420363
"GLN..atom.32...DT.atom.88..",50.7892692089343
"DA..atom.83...DT.atom.87..",49.7201623458714
"THR..atom.1...PHE.atom.47..",47.4979019279439
"ASP..atom.3...DG.atom.86..",44.599297044773
"SER..atom.2...TYR.atom.53..",44.0016865289465
"PHE..atom.47...DT.atom.88..",42.5950820803753
"ASP..atom.36...DT.atom.88..",40.9859732797143
"THR..atom.1...DT.atom.87..",40.208181106379
"LEU..atom.75...DT.atom.87..",40.1320357706615
"ASP..atom.3...SER.atom.78..",38.6583276498456
"ASP..atom.3...DT.atom.88..",38.5118062903646
"THR..atom.1...VAL.atom.33..",38.2995532100757
"LEU..atom.37...DT.atom.88..",36.5525410638089
"THR..atom.39...DT.atom.87..",36.3971102216205
"VAL..atom.31...DT.atom.87..",35.3412105614438
"LYS..atom.38...DT.atom.88..",32.8011664098379
"THR..atom.1...GLU.atom.52..",31.2370434615818
"THR..atom.1...GLN.atom.32..",31.1594164799061
"THR..atom.13...GLN.atom.32..",31.1002873081702
"SER..atom.2...DG.atom.86..",29.7782084440561
"LEU..atom.9...DG.atom.84..",29.0905521044231
"ILE..atom.5...DG.atom.84..",28.9777083187393
"LYS..atom.34...DG.atom.86..",28.431155053296
"PHE..atom.45...ASP.atom.72..",27.3504070332759
"DG..atom.79...DT.atom.88..",26.974311331058
"SER..atom.2...MET.atom.60..",25.942050320274
"GLY..atom.46...SER.atom.78..",25.5437704600517
"LEU..atom.4...DT.atom.87..",25.5043983026466
"DT..atom.81...DT.atom.87..",24.926372395297
"MET..atom.30...DT.atom.88..",24.2592712898719
"ILE..atom.5...DG.atom.86..",23.2121244624227
"ASP..atom.36...DT.atom.87..",23.0232898787006
"DC..atom.85...DT.atom.88..",22.914633011582
"ASP..atom.36...DG.atom.86..",22.2496090475502
"PRO..atom.76...DT.atom.87..",22.0489226424196
"ILE..atom.5...DT.atom.87..",21.9406634099245
"THR..atom.13...PHE.atom.45..",21.8999506504144
"MET..atom.30...DT.atom.87..",21.6341270469302
"GLY..atom.46...PRO.atom.76..",21.5739093611454
"GLY..atom.44...DG.atom.84..",21.522948461439
"VAL..atom.48...DT.atom.87..",21.258933336444
"THR..atom.1...LYS.atom.34..",20.4940245575003
"THR..atom.1...TYR.atom.53..",20.0955647675537
"DG..atom.86...DT.atom.88..",19.7763742561258
"THR..atom.1...MET.atom.30..",19.5689257765461
"SER..atom.2...ILE.atom.5..",19.50658323444
"DG..atom.82...DT.atom.87..",19.0678802358594
"DG..atom.84...DT.atom.88..",18.943000988345
"PHE..atom.45...DA.atom.83..",17.9713676229103
"THR..atom.24...THR.atom.55..",17.9321791870111
"SER..atom.2...VAL.atom.31..",17.7205882340026
"SER..atom.2...GLY.atom.46..",17.7140297561104
"VAL..atom.33...DT.atom.87..",17.5423476125214
"LEU..atom.29...DT.atom.88..",17.5317224294424
"PRO..atom.10...SER.atom.42..",17.3986889506189
"THR..atom.1...PRO.atom.76..",16.5432154068292
"ASP..atom.3...TYR.atom.53..",16.4767991954962
"THR..atom.1...THR.atom.51..",16.3269649196067
"PHE..atom.47...SER.atom.78..",16.2365740620079
"THR..atom.13...GLY.atom.46..",16.2123800865367
"SER..atom.2...PHE.atom.47..",16.1418563783989
"DG..atom.84...DT.atom.87..",15.3743182351164
"THR..atom.1...VAL.atom.48..",15.2566347106208
"SER..atom.2...LYS.atom.34..",14.9328618119525
"SER..atom.78...DT.atom.87..",14.8808116173882
"THR..atom.1...VAL.atom.31..",14.8615173181755
"LYS..atom.34...DG.atom.84..",14.6157890046741
"LEU..atom.4...SER.atom.78..",14.3150418443944
"DG..atom.84...DG.atom.86..",14.2319505411931
"VAL..atom.33...DT.atom.88..",14.1581344161361
"LYS..atom.43...DC.atom.85..",14.1126341543693
"MET..atom.30...VAL.atom.33..",13.7504681217059
"SER..atom.2...VAL.atom.57..",13.5774069338215
"GLU..atom.27...GLN.atom.56..",13.3920835666596
"ILE..atom.5...GLN.atom.56..",13.3467812919527
"LYS..atom.35...DT.atom.88..",13.2235862901318
"HIS..atom.41...DT.atom.87..",13.126066123566
"LYS..atom.12...GLN.atom.16..",12.9201753222696
"SER..atom.23...THR.atom.55..",12.9182845277251
"PHE..atom.45...DG.atom.84..",12.8411968222424
"THR..atom.13...SER.atom.42..",12.7666002847396
"ASP..atom.3...VAL.atom.6..",12.3439300517081
"LEU..atom.18...GLN.atom.32..",12.0713042585176
"PHE..atom.25...THR.atom.55..",11.9442011091978
"ARG..atom.49...LYS.atom.74..",11.8831453358439
"GLY..atom.26...GLU.atom.54..",11.5714866262207
"ARG..atom.49...DT.atom.87..",11.4800996318167
"ASN..atom.77...DG.atom.86..",11.2777656289985
"PHE..atom.25...GLU.atom.54..",11.2230910972409
"ARG..atom.49...GLU.atom.54..",10.9536257601988
"PHE..atom.25...VAL.atom.57..",10.8687424836419
"PHE..atom.25...LYS.atom.58..",10.7438686191534
"THR..atom.1...MET.atom.60..",10.6481474598331
"PHE..atom.47...DG.atom.86..",10.2768678249736
"LEU..atom.7...LEU.atom.75..",10.1953250941381
"ARG..atom.49...CYS.atom.73..",9.82271969194994
"GLY..atom.26...THR.atom.55..",9.81818096176861
"GLU..atom.27...GLU.atom.54..",9.80684931219465
"SER..atom.2...LEU.atom.29..",9.4313812499927
"LYS..atom.43...DT.atom.88..",9.38467904852193
"THR..atom.13...THR.atom.39..",9.31682546377881
"THR..atom.14...PHE.atom.45..",9.18127171576132
"GLU..atom.15...HIS.atom.41..",8.98359292196651
"LYS..atom.12...ASP.atom.36..",8.89360742663899
"ASN..atom.77...DC.atom.85..",8.48274857828266
"LEU..atom.37...DT.atom.80..",8.1960248719618
"GLU..atom.15...LYS.atom.43..",8.11753585950154
"ASP..atom.3...VAL.atom.57..",7.99914379540459
"ILE..atom.5...ASN.atom.77..",7.99316699621658
"SER..atom.2...LYS.atom.74..",7.82027041518444
"LEU..atom.9...LYS.atom.12..",7.37095217056971
"THR..atom.1...DT.atom.88..",7.06339191494399
"SER..atom.2...VAL.atom.33..",7.01345639180576
"GLU..atom.27...GLU.atom.52..",6.88480275432547
"LEU..atom.37...DT.atom.87..",6.87481670146995
"VAL..atom.6...HIS.atom.64..",6.7104145672001
"DT..atom.81...DA.atom.83..",6.31796219607959
"VAL..atom.59...CYS.atom.71..",5.83642380265117
"GLY..atom.46...DC.atom.85..",5.80536480530898
"PHE..atom.45...CYS.atom.71..",5.63558589931593
"SER..atom.2...GLN.atom.32..",5.45009787673994
"ASP..atom.67...DG.atom.82..",5.35675279668739
"THR..atom.1...SER.atom.78..",5.15187417670782
"ARG..atom.49...VAL.atom.57..",4.91396790185403
"THR..atom.1...PHE.atom.50..",4.81683385376772
"ILE..atom.5...VAL.atom.57..",4.7453618149982
"LYS..atom.34...SER.atom.78..",4.47170324221142
"THR..atom.1...ILE.atom.5..",4.4311207366052
"SER..atom.2...VAL.atom.48..",4.12608272510451
"ASP..atom.17...GLN.atom.32..",3.82885825091877
"SER..atom.2...VAL.atom.6..",3.77519289632341
"GLN..atom.32...DT.atom.87..",3.679985599133
"HIS..atom.41...DG.atom.82..",3.30385817067168
"DT..atom.80...DT.atom.87..",3.22238899589335
"THR..atom.1...THR.atom.55..",3.12017900868422
"LYS..atom.43...DG.atom.84..",2.86366905864657
"SER..atom.2...GLU.atom.52..",2.81080213001229
"GLN..atom.32...DG.atom.86..",2.49791802703669
"ARG..atom.49...LEU.atom.75..",2.45625378434603
"THR..atom.1...GLN.atom.56..",2.44783256047218
"GLY..atom.46...DG.atom.86..",2.4176696717638
"HIS..atom.64...ARG.atom.69..",2.16419044919121
"LYS..atom.74...DC.atom.85..",2.08013933435448
"THR..atom.1...VAL.atom.6..",1.9941189345182
"ILE..atom.5...SER.atom.78..",1.99238312416081
"GLY..atom.46...DT.atom.87..",1.98084453839309
"LEU..atom.18...PHE.atom.47..",1.89901631820133
"LYS..atom.35...DT.atom.80..",1.79904646865024
"PHE..atom.25...GLU.atom.52..",1.56293470439418
"LEU..atom.37...DG.atom.86..",1.51970410993828
"GLN..atom.16...GLY.atom.40..",1.46551622027534
"PRO..atom.10...HIS.atom.41..",1.46358289141601
"ASP..atom.36...DG.atom.79..",1.38580479136054
"GLU..atom.15...PHE.atom.47..",1.38510586566095
"TRP..atom.11...LYS.atom.43..",1.29119424368175
"VAL..atom.28...THR.atom.55..",1.18776452940388
"ASP..atom.3...VAL.atom.28..",1.17054172884375
"TRP..atom.11...HIS.atom.41..",1.16680303507442
"SER..atom.2...THR.atom.51..",1.15944078840028
"PHE..atom.45...DG.atom.86..",1.13447099056933
"THR..atom.14...GLN.atom.32..",1.1303711146642
"LYS..atom.12...ASP.atom.17..",1.09977660690292
"THR..atom.14...ILE.atom.66..",1.03281972018454
"SER..atom.2...SER.atom.78..",1.02803854110339
"THR..atom.1...ARG.atom.49..",1.01340228758168
"LEU..atom.7...LYS.atom.43..",0.971332749582191
"ASP..atom.17...HIS.atom.41..",0.967626103260058
"LEU..atom.29...GLN.atom.32..",0.954827501987919
"SER..atom.42...DG.atom.82..",0.952285888073605
"PRO..atom.10...TRP.atom.70..",0.934732512416628
"LYS..atom.12...ILE.atom.66..",0.919159179158963
"SER..atom.42...DG.atom.84..",0.897149847545765
"ASP..atom.17...GLY.atom.46..",0.892708834053646
"DG..atom.79...DT.atom.87..",0.885932419261922
"LYS..atom.12...PHE.atom.45..",0.82963547391596
"SER..atom.2...VAL.atom.28..",0.822057182979755
"LYS..atom.12...VAL.atom.33..",0.792323605495743
"ARG..atom.49...TYR.atom.53..",0.790999804365678
"GLU..atom.15...ILE.atom.66..",0.789404459406749
"SER..atom.2...MET.atom.30..",0.772155182532385
"VAL..atom.48...GLN.atom.56..",0.760362986732779
"ASP..atom.3...LEU.atom.29..",0.748439029644007
"LEU..atom.18...PHE.atom.45..",0.729118695191462
"ASP..atom.3...THR.atom.51..",0.72152327994763
"ASN..atom.77...DT.atom.87..",0.720632714782542
"GLY..atom.8...THR.atom.13..",0.713003388777034
"THR..atom.1...GLU.atom.54..",0.696833414830875
"GLN..atom.32...ARG.atom.49..",0.692899303910115
"PHE..atom.47...DC.atom.85..",0.686167700641654
"ARG..atom.63...CYS.atom.73..",0.658924963740682
"TRP..atom.11...GLU.atom.15..",0.654972504908376
"THR..atom.55...GLN.atom.62..",0.621132390493602
"TRP..atom.11...ASP.atom.67..",0.619328386416919
"GLY..atom.26...ARG.atom.49..",0.614615371627944
"VAL..atom.6...PRO.atom.76..",0.607194382353087
"LEU..atom.7...DG.atom.84..",0.586533643433379
"VAL..atom.48...TYR.atom.53..",0.579547080775388
"ASP..atom.17...VAL.atom.33..",0.576603984357617
"LYS..atom.34...DT.atom.87..",0.570655995182508
"LEU..atom.9...HIS.atom.41..",0.561585943292755
"LEU..atom.9...DA.atom.83..",0.557568355860749
"GLU..atom.27...THR.atom.55..",0.5470161339347
"VAL..atom.59...ASP.atom.72..",0.538565130944574
"LYS..atom.12...LYS.atom.43..",0.537551057328089
"LYS..atom.19...VAL.atom.33..",0.52239103266225
"THR..atom.13...ASP.atom.67..",0.519530693895811
"LEU..atom.18...VAL.atom.48..",0.49181595948523
"THR..atom.51...GLN.atom.56..",0.475808557604803
"LYS..atom.35...DG.atom.79..",0.471617838416269
"LYS..atom.38...DT.atom.80..",0.467722943843944
"ARG..atom.63...LYS.atom.74..",0.467139069528105
"THR..atom.1...PHE.atom.45..",0.46124830753091
"ILE..atom.5...SER.atom.61..",0.460002169419266
"THR..atom.13...GLY.atom.40..",0.459267886983835
"LYS..atom.43...DT.atom.81..",0.454315312080034
"GLU..atom.15...GLY.atom.40..",0.446160862690864
"LEU..atom.9...ASP.atom.17..",0.440949608822825
"GLY..atom.46...ASP.atom.67..",0.436522653137596
"ILE..atom.5...LYS.atom.34..",0.420297802214733
"GLY..atom.26...GLN.atom.62..",0.419778137377272
"SER..atom.2...PHE.atom.50..",0.417435769375062
"THR..atom.14...GLY.atom.40..",0.416947088533664
"THR..atom.1...VAL.atom.28..",0.413076791903641
"THR..atom.1...ASN.atom.77..",0.411074658569391
"THR..atom.14...GLY.atom.46..",0.406425936131439
"ILE..atom.5...MET.atom.60..",0.405987426485562
"DG..atom.79...DG.atom.82..",0.398627367701854
"ASP..atom.36...DT.atom.80..",0.395999936892782
"VAL..atom.6...SER.atom.61..",0.389846659616588
"PRO..atom.10...GLY.atom.46..",0.383598833505973
"LEU..atom.4...THR.atom.55..",0.381801080234509
"ASP..atom.3...ASN.atom.77..",0.379518018877505
"PRO..atom.10...GLY.atom.68..",0.378373846917477
"THR..atom.1...LEU.atom.4..",0.376006282171172
"THR..atom.1...GLY.atom.46..",0.373997800245385
"VAL..atom.6...ILE.atom.66..",0.368384056586272
"PHE..atom.22...PHE.atom.47..",0.365325934369435
"GLU..atom.15...SER.atom.42..",0.357064585524397
"GLU..atom.15...GLY.atom.44..",0.345967308014723
"GLN..atom.62...CYS.atom.73..",0.341132894981997
"TYR..atom.21...HIS.atom.64..",0.337084018585455
"VAL..atom.57...LYS.atom.74..",0.328469191614706
"MET..atom.65...ASP.atom.72..",0.326481884482383
"VAL..atom.57...CYS.atom.73..",0.322093445893948
"TRP..atom.11...DG.atom.82..",0.313797268966703
"LEU..atom.18...SER.atom.42..",0.308659175187419
"HIS..atom.41...DT.atom.80..",0.305443318935563
"LEU..atom.7...DC.atom.85..",0.303775922089965
"ASP..atom.3...GLN.atom.32..",0.303246619327658
"MET..atom.60...ASP.atom.72..",0.303241095067701
"GLY..atom.8...GLY.atom.46..",0.303089786898592
"PRO..atom.10...ASP.atom.67..",0.297930104409707
"SER..atom.2...ASN.atom.77..",0.297718058686
"GLN..atom.16...MET.atom.30..",0.294867446365938
"LEU..atom.37...DG.atom.79..",0.294087032817164
"ASN..atom.77...DG.atom.84..",0.290036006826905
"LEU..atom.4...VAL.atom.59..",0.289968464907977
"ASP..atom.3...VAL.atom.31..",0.287451836764351
"LYS..atom.34...DT.atom.80..",0.28519480656964
"LEU..atom.9...ASP.atom.67..",0.283034769346598
"LEU..atom.75...DC.atom.85..",0.280381722350774
"SER..atom.61...LEU.atom.75..",0.27935168277523
"GLN..atom.62...LEU.atom.75..",0.276228096149174
"DA..atom.83...DC.atom.85..",0.273181516547626
"LYS..atom.12...THR.atom.39..",0.272067490553573
"VAL..atom.48...LEU.atom.75..",0.271707527433063
"TYR..atom.21...GLU.atom.27..",0.265085555104612
"VAL..atom.48...LYS.atom.74..",0.263239379308696
"TRP..atom.70...DT.atom.81..",0.263004417009917
"PHE..atom.25...ARG.atom.63..",0.262161830243361
"PHE..atom.45...CYS.atom.73..",0.259841757493492
"LYS..atom.12...GLY.atom.40..",0.259079378100297
"THR..atom.13...LYS.atom.43..",0.258401473545449
"THR..atom.13...VAL.atom.33..",0.258292720540659
"TRP..atom.70...DG.atom.82..",0.257727812942084
"ASP..atom.3...GLN.atom.56..",0.257633486394057
"LYS..atom.58...HIS.atom.64..",0.257050982355514
"SER..atom.42...DT.atom.81..",0.25257329264333
"PHE..atom.25...GLN.atom.56..",0.252329229038568
"VAL..atom.57...GLN.atom.62..",0.251919418916725
"LEU..atom.4...VAL.atom.57..",0.249848144045209
"PRO..atom.10...DG.atom.79..",0.249782854948643
"GLY..atom.44...ASP.atom.67..",0.248978919949844
"THR..atom.1...VAL.atom.57..",0.248360862197582
"GLU..atom.15...ASP.atom.67..",0.247931065916276
"THR..atom.1...LEU.atom.29..",0.246076374873062
"ILE..atom.5...DC.atom.85..",0.244858547515785
"GLY..atom.44...TRP.atom.70..",0.242967321481758
"LYS..atom.43...DT.atom.80..",0.242342471876542
"THR..atom.14...ASP.atom.67..",0.242047770481591
"LEU..atom.37...DT.atom.81..",0.241204033778219
"ARG..atom.69...DT.atom.81..",0.241183225703349
"PRO..atom.10...TYR.atom.21..",0.23478581597592
"LYS..atom.12...HIS.atom.41..",0.233005128814672
"THR..atom.14...PHE.atom.47..",0.228904961343196
"LEU..atom.7...ARG.atom.69..",0.228558011898974
"ARG..atom.63...ASP.atom.72..",0.228311901280542
"ILE..atom.5...GLY.atom.8..",0.22657962311124
"CYS..atom.71...DG.atom.82..",0.221832197569607
"LEU..atom.9...DG.atom.82..",0.217664861084713
"GLY..atom.8...LYS.atom.43..",0.215844290792519
"LYS..atom.19...GLN.atom.32..",0.211589459494352
"GLY..atom.26...LYS.atom.58..",0.21078924503961
"SER..atom.2...LEU.atom.75..",0.21063038812937
"LEU..atom.4...MET.atom.30..",0.210325629106037
"SER..atom.61...PRO.atom.76..",0.20528546546248
"LYS..atom.43...DG.atom.82..",0.204546489055745
"SER..atom.78...DG.atom.86..",0.203161387824299
"PHE..atom.45...ASP.atom.67..",0.199529419638667
"GLY..atom.26...VAL.atom.59..",0.198340604315833
"THR..atom.39...DT.atom.81..",0.196528143325595
"VAL..atom.6...GLN.atom.62..",0.195576181681872
"LYS..atom.38...DT.atom.81..",0.194255874386556
"LEU..atom.9...LYS.atom.34..",0.192548916241143
"DT..atom.81...DG.atom.84..",0.191847684857828
"LYS..atom.12...ARG.atom.69..",0.184002412221306
"LYS..atom.34...DG.atom.79..",0.183189320102595
"LYS..atom.12...GLU.atom.15..",0.182730092229019
"GLY..atom.8...DG.atom.82..",0.174997237344281
"PHE..atom.22...GLN.atom.62..",0.173401932976489
"PRO..atom.10...DT.atom.80..",0.171766390752614
"LEU..atom.7...VAL.atom.33..",0.171406873995746
"PHE..atom.22...HIS.atom.64..",0.170293308577293
"LEU..atom.9...MET.atom.65..",0.169569626445213
"TRP..atom.11...TRP.atom.70..",0.16935200480202
"DG..atom.79...DG.atom.84..",0.167417701960732
"GLU..atom.54...VAL.atom.59..",0.166090478011158
"VAL..atom.6...TRP.atom.70..",0.160753436571661
"VAL..atom.6...GLY.atom.44..",0.160590492786542
"GLY..atom.26...VAL.atom.48..",0.159733835371666
"PHE..atom.47...PRO.atom.76..",0.159413085965725
"THR..atom.14...THR.atom.39..",0.157430544335914
"PHE..atom.25...GLN.atom.62..",0.156432323682124
"GLY..atom.8...HIS.atom.64..",0.156163847154065
"SER..atom.78...DT.atom.88..",0.155513345857095
"PHE..atom.22...THR.atom.55..",0.154243599919582
"PHE..atom.50...VAL.atom.59..",0.154096636956035
"GLN..atom.62...LYS.atom.74..",0.153755601339917
"VAL..atom.6...ARG.atom.63..",0.153499940139501
"THR..atom.13...HIS.atom.41..",0.152900142989417
"ILE..atom.66...CYS.atom.73..",0.149739318339398
"TYR..atom.21...ASP.atom.67..",0.146378501152707
"TRP..atom.11...LEU.atom.18..",0.145661537820134
"PHE..atom.25...SER.atom.61..",0.14555272780904
"THR..atom.13...GLU.atom.20..",0.144632982828258
"LEU..atom.9...GLY.atom.46..",0.1433838547742
"SER..atom.61...ASP.atom.72..",0.143332018457388
"VAL..atom.59...HIS.atom.64..",0.143143422700855
"PRO..atom.10...DG.atom.82..",0.142623329342757
"VAL..atom.59...ILE.atom.66..",0.140873725230591
"LYS..atom.43...DA.atom.83..",0.140743386408752
"LEU..atom.7...LYS.atom.34..",0.138827697447638
"LEU..atom.4...TYR.atom.53..",0.138492309527936
"VAL..atom.48...VAL.atom.59..",0.138198779867224
"HIS..atom.64...GLY.atom.68..",0.138177864875372
"LYS..atom.12...LYS.atom.35..",0.136165305878268
"HIS..atom.64...ASP.atom.67..",0.136114712881305
"TRP..atom.11...VAL.atom.33..",0.135455620835431
"SER..atom.61...CYS.atom.73..",0.13203741940421
"GLY..atom.44...DG.atom.79..",0.129229708204906
"GLY..atom.8...SER.atom.42..",0.128714315595764
"ILE..atom.5...VAL.atom.59..",0.127698661571112
"GLN..atom.62...CYS.atom.71..",0.127698544666876
"PHE..atom.25...PHE.atom.50..",0.127566594338495
"GLY..atom.8...ILE.atom.66..",0.126266463448439
"ASP..atom.67...CYS.atom.71..",0.125116110694379
"GLN..atom.16...HIS.atom.41..",0.124075125300955
"LYS..atom.38...DG.atom.79..",0.123953771642209
"VAL..atom.48...MET.atom.60..",0.123893986514116
"MET..atom.60...PRO.atom.76..",0.12349920290694
"LEU..atom.18...VAL.atom.33..",0.122723248920422
"LEU..atom.4...ASP.atom.72..",0.121015336034317
"VAL..atom.6...ASP.atom.67..",0.120706513679576
"ASP..atom.17...SER.atom.42..",0.120544540587565
"LYS..atom.19...PHE.atom.25..",0.11952544308074
"LYS..atom.19...ASP.atom.67..",0.118057828883887
"LEU..atom.9...GLY.atom.68..",0.118036186482452
"GLY..atom.68...DT.atom.81..",0.117293386111837
"LYS..atom.12...GLY.atom.44..",0.116340095237743
"GLY..atom.46...CYS.atom.73..",0.11579411595309
"THR..atom.13...ARG.atom.69..",0.115408439563602
"VAL..atom.6...VAL.atom.31..",0.114615111216986
"PHE..atom.47...CYS.atom.73..",0.113888001868674
"GLY..atom.26...GLU.atom.52..",0.112893451253149
"VAL..atom.48...THR.atom.55..",0.111583924773385
"ARG..atom.69...DT.atom.80..",0.11137419336033
"ASP..atom.72...LEU.atom.75..",0.110470309361075
"GLU..atom.15...TYR.atom.21..",0.109985532920714
"GLU..atom.54...MET.atom.60..",0.109262489238501
"LYS..atom.35...LYS.atom.38..",0.109064775575961
"VAL..atom.48...PRO.atom.76..",0.108707224868115
"GLY..atom.8...ASP.atom.67..",0.108142568015559
"HIS..atom.64...CYS.atom.73..",0.10786532448092
"LYS..atom.19...GLU.atom.27..",0.10731278218877
"LYS..atom.58...ARG.atom.63..",0.106996171732222
"PHE..atom.22...CYS.atom.73..",0.106947818688452
"GLY..atom.44...DT.atom.80..",0.106942725404221
"LEU..atom.4...GLN.atom.32..",0.104704624699461
"LYS..atom.12...SER.atom.42..",0.104701409216421
"ARG..atom.69...DG.atom.82..",0.104049410449107
"DG..atom.79...DT.atom.81..",0.10377363577597
"LEU..atom.9...DT.atom.81..",0.10309147727739
"LEU..atom.4...MET.atom.60..",0.102995206657118
"LEU..atom.7...DG.atom.82..",0.101896272684907
"VAL..atom.6...DG.atom.84..",0.101366188792157
"LYS..atom.19...GLY.atom.46..",0.101268108768139
"HIS..atom.41...DG.atom.79..",0.100913823726741
"VAL..atom.6...LYS.atom.34..",0.100692508542953
"LYS..atom.74...SER.atom.78..",0.100518318791635
"VAL..atom.28...GLU.atom.52..",0.100231244970218
"ASP..atom.3...LYS.atom.74..",0.097666246743325
"GLU..atom.15...VAL.atom.48..",0.0970875961628114
"ILE..atom.5...CYS.atom.71..",0.0965065744471208
"SER..atom.42...DT.atom.80..",0.096233722027677
"LYS..atom.43...DG.atom.79..",0.0961214254649689
"ASP..atom.17...VAL.atom.31..",0.0948923544493362
"VAL..atom.6...ARG.atom.49..",0.0947053676477859
"GLY..atom.8...DA.atom.83..",0.0945775216955774
"LEU..atom.18...ILE.atom.66..",0.0941205802580891
"THR..atom.13...GLY.atom.68..",0.0939228258047587
"TYR..atom.21...GLY.atom.26..",0.0939127925574393
"PHE..atom.45...DT.atom.80..",0.092781134278759
"GLY..atom.8...MET.atom.65..",0.0920326374116715
"GLU..atom.52...VAL.atom.57..",0.0914808910421778
"LEU..atom.4...SER.atom.61..",0.0909331221675164
"PHE..atom.22...MET.atom.65..",0.0899107646952494
"LYS..atom.34...GLY.atom.44..",0.0874534522998124
"LEU..atom.18...CYS.atom.71..",0.0869926124790716
"ARG..atom.49...THR.atom.55..",0.0857633353520417
"LYS..atom.34...LEU.atom.37..",0.0848905051408017
"LEU..atom.18...GLY.atom.46..",0.0846008010540803
"LEU..atom.7...PRO.atom.10..",0.0842294462315236
"CYS..atom.71...LYS.atom.74..",0.0841624197588035
"LEU..atom.37...LYS.atom.43..",0.0841115970415579
"LYS..atom.38...LYS.atom.43..",0.0831952480487953
"GLY..atom.8...GLY.atom.68..",0.0825869155241883
"TRP..atom.11...GLY.atom.40..",0.0823172887353709
"THR..atom.13...GLY.atom.44..",0.0822742438542762
"PHE..atom.22...ILE.atom.66..",0.0821239689012132
"LYS..atom.12...DG.atom.79..",0.081982487228829
"PHE..atom.22...PHE.atom.50..",0.0819265625817534
"LEU..atom.18...GLY.atom.68..",0.0813862393298211
"LEU..atom.18...ASP.atom.67..",0.0812704095810829
"GLN..atom.62...MET.atom.65..",0.0812173169830713
"GLU..atom.20...ASP.atom.67..",0.0807786610738347
"PHE..atom.25...HIS.atom.64..",0.0804630609192909
"VAL..atom.48...CYS.atom.73..",0.0804087990708032
"TYR..atom.21...VAL.atom.28..",0.0800457796619056
"THR..atom.39...LYS.atom.43..",0.079361075014148
"GLU..atom.52...LYS.atom.58..",0.0791136027378809
"LEU..atom.7...DA.atom.83..",0.0783671985292915
"TRP..atom.70...DT.atom.80..",0.0782975546137938
"TRP..atom.11...ASP.atom.36..",0.0780226445715498
"GLY..atom.8...DG.atom.84..",0.077632371588374
"SER..atom.23...VAL.atom.59..",0.077629669714925
"THR..atom.55...MET.atom.60..",0.077613878146644
"PRO..atom.10...ILE.atom.66..",0.0776128831403857
"LYS..atom.58...LYS.atom.74..",0.0758133033718048
"ASP..atom.36...DG.atom.84..",0.0752266970087908
"ARG..atom.63...ILE.atom.66..",0.0746321470311759
"LEU..atom.18...HIS.atom.64..",0.0745335203325913
"GLY..atom.44...ARG.atom.69..",0.0743529815426769
"VAL..atom.6...LEU.atom.75..",0.0737418080035503
"PHE..atom.47...LYS.atom.74..",0.07351143030175
"PRO..atom.10...LYS.atom.43..",0.073429750934748
"LEU..atom.9...LEU.atom.18..",0.0731847128337422
"SER..atom.2...PRO.atom.76..",0.0731847128337422
"PHE..atom.25...VAL.atom.28..",0.0726494273449624
"GLN..atom.16...SER.atom.42..",0.0725049786588158
"TRP..atom.11...GLY.atom.68..",0.0723068658994991
"THR..atom.39...DT.atom.80..",0.0721319565479393
"GLU..atom.27...LYS.atom.58..",0.0720585454689404
"ASP..atom.3...CYS.atom.73..",0.0717628198103369
"PRO..atom.10...GLU.atom.15..",0.0717318837809199
"ILE..atom.5...VAL.atom.33..",0.071151804143916
"GLU..atom.27...VAL.atom.48..",0.071151804143916
"GLU..atom.15...MET.atom.30..",0.0703699161862906
"PHE..atom.47...PHE.atom.50..",0.0700327291449743
"LYS..atom.34...THR.atom.39..",0.0698368990976072
"GLU..atom.15...GLY.atom.46..",0.0697845620172566
"LEU..atom.7...ARG.atom.63..",0.069658786160803
"GLY..atom.8...CYS.atom.73..",0.0694662422990261
"MET..atom.60...CYS.atom.71..",0.0692130339439753
"LYS..atom.19...MET.atom.30..",0.0687890724161482
"GLY..atom.44...CYS.atom.71..",0.0685659230487657
"VAL..atom.31...LYS.atom.34..",0.0683739164932219
"ASP..atom.72...DG.atom.84..",0.0679176312282835
"THR..atom.13...LYS.atom.34..",0.0678369620025884
"TRP..atom.11...DT.atom.80..",0.0665831662638546
"LYS..atom.19...THR.atom.24..",0.0663406668035955
"LYS..atom.19...VAL.atom.48..",0.0657933452316855
"THR..atom.24...VAL.atom.28..",0.0657803220414117
"SER..atom.23...MET.atom.30..",0.065468437232415
"VAL..atom.33...DG.atom.79..",0.0652270167858665
"PHE..atom.50...VAL.atom.57..",0.0643536529474524
"GLY..atom.26...TYR.atom.53..",0.0640633225881085
"THR..atom.14...HIS.atom.41..",0.0638020573422367
"PHE..atom.22...ARG.atom.49..",0.0634648681605108
"GLY..atom.46...ILE.atom.66..",0.0631653771481703
"ASP..atom.3...GLY.atom.46..",0.0623733348014848
"VAL..atom.48...CYS.atom.71..",0.0622514279845895
"PHE..atom.45...DC.atom.85..",0.0617916121673223
"SER..atom.23...THR.atom.51..",0.0614954878672417
"GLY..atom.8...TRP.atom.11..",0.0612595252514583
"THR..atom.55...SER.atom.61..",0.0612218270820728
"LEU..atom.18...MET.atom.65..",0.0608431988349046
"TYR..atom.21...VAL.atom.48..",0.0585913325960615
"DT..atom.80...DG.atom.82..",0.0583356406645771
"LYS..atom.12...ASP.atom.67..",0.0579756288112069
"GLN..atom.16...GLN.atom.32..",0.0576075645446055
"THR..atom.13...CYS.atom.71..",0.0575801839194323
"THR..atom.14...LYS.atom.35..",0.0575634298565556
"ASP..atom.36...DT.atom.81..",0.0570098306494731
"TYR..atom.53...VAL.atom.59..",0.05658776645357
"THR..atom.14...VAL.atom.31..",0.0565402729357904
"VAL..atom.28...TYR.atom.53..",0.0563129081481126
"MET..atom.65...CYS.atom.73..",0.0562399568793388
"TRP..atom.11...PHE.atom.45..",0.0561954044973378
"PRO..atom.10...PHE.atom.45..",0.0559577917933321
"GLY..atom.68...DT.atom.80..",0.0550518933593106
"PHE..atom.22...ASP.atom.67..",0.0548885346253067
"THR..atom.13...TYR.atom.21..",0.0544529113346296
"LEU..atom.7...PRO.atom.76..",0.0532079373876519
"VAL..atom.6...VAL.atom.59..",0.0530211969924911
"GLN..atom.16...PHE.atom.22..",0.0530008336990395
"SER..atom.78...DG.atom.84..",0.0529593006274025
"GLY..atom.40...DT.atom.80..",0.0521194439283192
"MET..atom.60...LEU.atom.75..",0.0516939638270084
"SER..atom.23...ARG.atom.49..",0.0505665588696519
"VAL..atom.6...GLN.atom.32..",0.050248949464985
"GLY..atom.40...LYS.atom.43..",0.0501399082200639
"GLN..atom.16...ASP.atom.67..",0.0490076202011666
"GLN..atom.32...SER.atom.42..",0.0489630678191656
"THR..atom.13...LYS.atom.35..",0.0484035276949039
"HIS..atom.41...DT.atom.81..",0.0476756182162119
"GLN..atom.56...LYS.atom.74..",0.0474996934257461
"TRP..atom.11...SER.atom.42..",0.0469334386290026
"GLY..atom.26...GLN.atom.56..",0.046810636037092
"GLY..atom.44...GLY.atom.68..",0.0466061620770494
"DC..atom.85...DT.atom.87..",0.0460036726360268
"TRP..atom.11...DT.atom.81..",0.0459047430983916
"LEU..atom.18...THR.atom.24..",0.0457404455210889
"TRP..atom.11...ARG.atom.69..",0.0456610271639548
"LYS..atom.19...ARG.atom.49..",0.0453221884592934
"GLU..atom.20...GLY.atom.26..",0.0450658607867055
"GLU..atom.27...ARG.atom.49..",0.0450346419957036
"GLY..atom.44...PHE.atom.47..",0.0449386916601924
"LYS..atom.74...ASN.atom.77..",0.0445969343830617
"DG..atom.79...DA.atom.83..",0.0443593310015883
"MET..atom.60...HIS.atom.64..",0.0442205891558368
"VAL..atom.57...LEU.atom.75..",0.0440316542069818
"LEU..atom.29...TYR.atom.53..",0.0439467025594776
"LEU..atom.9...ASP.atom.72..",0.0438734885610445
"ASP..atom.36...PHE.atom.45..",0.0437021012465306
"PHE..atom.50...LYS.atom.58..",0.0428816676760208
"LEU..atom.9...PHE.atom.47..",0.0425745785830291
"THR..atom.13...ILE.atom.66..",0.0423808566173677
"GLN..atom.16...VAL.atom.31..",0.0422873340706002
"ASP..atom.17...GLY.atom.68..",0.0420812098794018
"GLU..atom.27...MET.atom.30..",0.0420557985207789
"SER..atom.61...LYS.atom.74..",0.0419522128101368
"LEU..atom.29...GLU.atom.52..",0.041705439801665
"VAL..atom.33...ASP.atom.36..",0.0415713944970313
"LYS..atom.34...DC.atom.85..",0.0415584619305893
"GLY..atom.26...THR.atom.51..",0.0414114390699858
"LEU..atom.7...ILE.atom.66..",0.0411201984987567
"LEU..atom.7...SER.atom.42..",0.0408973395247382
"ARG..atom.69...DG.atom.79..",0.0405670696012951
"THR..atom.24...VAL.atom.59..",0.0402795645970602
"GLN..atom.32...LYS.atom.35..",0.0396417194516104
"ARG..atom.69...DA.atom.83..",0.039260549072268
"GLY..atom.44...ASP.atom.72..",0.0392060961609333
"PHE..atom.22...ARG.atom.63..",0.038983334250928
"LEU..atom.9...ARG.atom.63..",0.0379159373215945
"GLY..atom.68...CYS.atom.71..",0.0377769768986308
"LYS..atom.12...LEU.atom.18..",0.0377358675548983
"TRP..atom.70...CYS.atom.73..",0.0374989238055773
"GLY..atom.46...ASP.atom.72..",0.0374240008808909
"SER..atom.61...HIS.atom.64..",0.0373792888129328
"VAL..atom.6...MET.atom.65..",0.0372937636797105
"ASP..atom.3...THR.atom.55..",0.0364834505942018
"LEU..atom.18...MET.atom.30..",0.0362695433438099
"VAL..atom.28...GLN.atom.56..",0.0356247700693096
"LYS..atom.34...GLY.atom.40..",0.035575902071958
"ILE..atom.5...ARG.atom.49..",0.035575902071958
"ASP..atom.3...MET.atom.30..",0.0355149135722879
"ASP..atom.17...SER.atom.23..",0.0349772693542346
"GLU..atom.15...PHE.atom.22..",0.0343053341408167
"GLN..atom.62...ILE.atom.66..",0.0343053341408167
"VAL..atom.59...LYS.atom.74..",0.0343053341408167
"THR..atom.24...LYS.atom.58..",0.0342699907437128
"LEU..atom.4...LYS.atom.58..",0.0336601185121725
"TYR..atom.53...LYS.atom.58..",0.0335429933821318
"ARG..atom.69...ASP.atom.72..",0.0334193673218929
"LEU..atom.9...TRP.atom.70..",0.031986325539223
"THR..atom.39...SER.atom.42..",0.030848077169841
"LEU..atom.9...CYS.atom.73..",0.0304936303473926
"LEU..atom.7...VAL.atom.48..",0.029853999702056
"PHE..atom.25...MET.atom.60..",0.0295788214369709
"ILE..atom.5...VAL.atom.31..",0.0285877784506806
"GLU..atom.20...VAL.atom.31..",0.0285877784506806
"PHE..atom.47...CYS.atom.71..",0.0283066567338886
"TRP..atom.11...DG.atom.79..",0.0281250437555884
"VAL..atom.6...MET.atom.60..",0.0274442673126533
"PHE..atom.22...CYS.atom.71..",0.0274442673126533
"GLY..atom.44...DA.atom.83..",0.0274442673126533
"VAL..atom.31...PHE.atom.45..",0.0268773692243651
"PHE..atom.22...LYS.atom.58..",0.0264153273294031
"ILE..atom.5...LEU.atom.9..",0.0256153862868013
"GLU..atom.27...VAL.atom.31..",0.0251534258156094
"GLN..atom.16...VAL.atom.33..",0.0249955363908173
"LEU..atom.4...ASN.atom.77..",0.0246706819256411
"LEU..atom.7...TRP.atom.11..",0.0240484741071196
"LYS..atom.12...GLY.atom.68..",0.023874726259764
"ASP..atom.3...GLU.atom.52..",0.0238006118983663
"LEU..atom.9...LYS.atom.43..",0.0233816066235129
"PRO..atom.10...THR.atom.14..",0.0228702227605444
"THR..atom.13...LYS.atom.19..",0.0228702227605444
"LYS..atom.58...CYS.atom.73..",0.0228702227605444
"CYS..atom.73...PRO.atom.76..",0.0228702227605444
"MET..atom.60...LYS.atom.74..",0.022518373179613
"VAL..atom.6...VAL.atom.33..",0.0223256936471981
"VAL..atom.6...LEU.atom.18..",0.0222167878245289
"PRO..atom.10...DT.atom.81..",0.0220815943894912
"GLY..atom.8...ASP.atom.72..",0.0220735651481939
"SER..atom.23...PHE.atom.50..",0.022053429090525
"PHE..atom.22...LEU.atom.29..",0.0219905988082158
"THR..atom.14...GLU.atom.20..",0.0219605241380732
"VAL..atom.59...LEU.atom.75..",0.0219546007852002
"PHE..atom.47...LEU.atom.75..",0.0219172968121884
"LEU..atom.9...THR.atom.14..",0.0218758652492164
"GLN..atom.16...SER.atom.23..",0.0212366354205056
"PRO..atom.76...DC.atom.85..",0.0210330502114617
"VAL..atom.28...VAL.atom.59..",0.0209291366270865
"PRO..atom.10...CYS.atom.71..",0.0207911116004949
"GLY..atom.68...DG.atom.82..",0.0207530950253153
"TRP..atom.11...LYS.atom.34..",0.0207236316768792
"LEU..atom.4...VAL.atom.31..",0.0206748743731926
"TRP..atom.11...ILE.atom.66..",0.0206205396236909
"VAL..atom.33...GLY.atom.40..",0.02058320048449
"LEU..atom.4...PHE.atom.45..",0.02058320048449
"THR..atom.14...LYS.atom.43..",0.0205481395262482
"PRO..atom.10...VAL.atom.33..",0.0196030480804667
"PHE..atom.25...VAL.atom.59..",0.0196030480804667
"LEU..atom.9...HIS.atom.64..",0.0196030480804667
"GLY..atom.68...DG.atom.79..",0.0195874156657298
"GLU..atom.15...GLU.atom.20..",0.0190585189671204
"SER..atom.23...VAL.atom.48..",0.0190585189671204
"ARG..atom.49...MET.atom.60..",0.0190585189671204
"THR..atom.24...HIS.atom.64..",0.0190585189671204
"LEU..atom.75...SER.atom.78..",0.0190585189671204
"TRP..atom.70...DG.atom.79..",0.0190148468689611
"THR..atom.24...ILE.atom.66..",0.0189852441604758
"GLN..atom.16...TYR.atom.21..",0.0182961782084356
"TYR..atom.21...CYS.atom.71..",0.0182961782084356
"PRO..atom.76...DG.atom.84..",0.0182961782084356
"THR..atom.13...MET.atom.65..",0.0177781218558256
"GLY..atom.44...ILE.atom.66..",0.0176560091905985
"TYR..atom.53...MET.atom.60..",0.0173053747636251
"TRP..atom.11...THR.atom.39..",0.0171526670704083
"LEU..atom.37...SER.atom.42..",0.0171526670704083
"GLY..atom.26...MET.atom.60..",0.0171526670704083
"ARG..atom.63...ARG.atom.69..",0.016453269281491
"TRP..atom.11...GLY.atom.46..",0.0158332311419154
"ILE..atom.66...ASP.atom.72..",0.0152468151736963
"LEU..atom.29...THR.atom.55..",0.0152468151736963
"GLU..atom.54...SER.atom.61..",0.0152468151736963
"LEU..atom.7...TRP.atom.70..",0.0152468151736963
"HIS..atom.64...LYS.atom.74..",0.0152468151736963
"PHE..atom.45...DG.atom.82..",0.0152468151736963
"PHE..atom.50...GLU.atom.54..",0.0123934090676183
"LYS..atom.38...SER.atom.42..",0.0114351113802722
"LEU..atom.18...GLY.atom.44..",0.0114351113802722
"SER..atom.42...GLY.atom.46..",0.0114351113802722
"LYS..atom.19...PHE.atom.47..",0.0114351113802722
"GLY..atom.46...CYS.atom.71..",0.0114351113802722
"GLN..atom.56...LEU.atom.75..",0.0114351113802722
"LYS..atom.35...DT.atom.81..",0.0114351113802722
"LEU..atom.9...SER.atom.42..",0.0114196376165638
"GLU..atom.20...ILE.atom.66..",0.0113838413582007
"TRP..atom.11...ASP.atom.17..",0.0112805828481064
"LEU..atom.7...MET.atom.65..",0.0111752224852661
"LYS..atom.35...GLY.atom.46..",0.0107420743269224
"LYS..atom.34...DT.atom.88..",0.0104821854319162
"PHE..atom.22...MET.atom.30..",0.00850959827840087
"GLY..atom.8...ARG.atom.63..",0.00748887686472731
"GLU..atom.27...TYR.atom.53..",0.00703699161862903
"GLU..atom.27...VAL.atom.59..",0.00675357182213912
"LYS..atom.19...LEU.atom.29..",0.00667048163849216
"SER..atom.42...DG.atom.79..",0.00560262994762089
"ASP..atom.17...ASP.atom.67..",0.00353108756323282
"LYS..atom.19...ILE.atom.66..",0.00252674302228286
"GLY..atom.8...DT.atom.81..",0.00243791462924232
"GLN..atom.16...VAL.atom.28..",0.00221750623552446
"LEU..atom.9...GLU.atom.15..",0.00158783852772216
"GLY..atom.8...TRP.atom.70..",0.00125480706940011
"GLU..atom.20...MET.atom.30..",0.00101528331456162
"ILE..atom.5...GLN.atom.32..",0.000883852687744281
"TYR..atom.21...MET.atom.65..",0.000547190345854412
"PHE..atom.22...VAL.atom.59..",0.000541544149951906
"LYS..atom.19...PHE.atom.50..",0.000461602530540879
"GLY..atom.40...DG.atom.79..",9.74076788070688e-05
"LEU..atom.4...LEU.atom.7..",0
"PRO..atom.10...ASP.atom.17..",0
"PRO..atom.10...LEU.atom.18..",0
"LEU..atom.9...TYR.atom.21..",0
"THR..atom.14...TYR.atom.21..",0
"GLU..atom.20...PHE.atom.25..",0
"LYS..atom.19...GLY.atom.26..",0
"GLU..atom.20...GLU.atom.27..",0
"GLU..atom.15...VAL.atom.28..",0
"LEU..atom.18...VAL.atom.28..",0
"GLU..atom.20...VAL.atom.28..",0
"SER..atom.23...LEU.atom.29..",0
"GLY..atom.26...LEU.atom.29..",0
"TYR..atom.21...VAL.atom.31..",0
"PHE..atom.22...VAL.atom.31..",0
"SER..atom.23...VAL.atom.31..",0
"LEU..atom.9...VAL.atom.33..",0
"THR..atom.14...LYS.atom.34..",0
"GLU..atom.15...LYS.atom.34..",0
"TRP..atom.11...LYS.atom.35..",0
"GLU..atom.15...LYS.atom.35..",0
"THR..atom.14...ASP.atom.36..",0
"LEU..atom.18...HIS.atom.41..",0
"VAL..atom.33...HIS.atom.41..",0
"THR..atom.14...SER.atom.42..",0
"THR..atom.14...GLY.atom.44..",0
"GLN..atom.32...GLY.atom.44..",0
"ASP..atom.36...GLY.atom.44..",0
"THR..atom.39...GLY.atom.44..",0
"HIS..atom.41...GLY.atom.44..",0
"GLU..atom.15...PHE.atom.45..",0
"LYS..atom.35...PHE.atom.45..",0
"MET..atom.30...GLY.atom.46..",0
"PHE..atom.22...VAL.atom.48..",0
"PHE..atom.45...VAL.atom.48..",0
"ASP..atom.3...PHE.atom.50..",0
"LEU..atom.4...PHE.atom.50..",0
"PHE..atom.25...THR.atom.51..",0
"MET..atom.30...THR.atom.51..",0
"VAL..atom.48...THR.atom.51..",0
"PHE..atom.22...GLN.atom.56..",0
"LEU..atom.29...GLN.atom.56..",0
"GLY..atom.26...VAL.atom.57..",0
"TYR..atom.21...VAL.atom.59..",0
"ARG..atom.49...VAL.atom.59..",0
"ASP..atom.3...MET.atom.60..",0
"PHE..atom.22...MET.atom.60..",0
"PHE..atom.50...MET.atom.60..",0
"GLN..atom.56...SER.atom.61..",0
"GLN..atom.56...GLN.atom.62..",0
"LEU..atom.7...HIS.atom.64..",0
"PRO..atom.10...MET.atom.65..",0
"VAL..atom.59...MET.atom.65..",0
"LEU..atom.9...ILE.atom.66..",0
"ASP..atom.17...ILE.atom.66..",0
"TYR..atom.21...ILE.atom.66..",0
"TYR..atom.21...GLY.atom.68..",0
"GLN..atom.62...TRP.atom.70..",0
"PHE..atom.47...ASP.atom.72..",0
"GLN..atom.62...ASP.atom.72..",0
"GLN..atom.56...CYS.atom.73..",0
"VAL..atom.59...CYS.atom.73..",0
"THR..atom.1...LEU.atom.75..",0
"THR..atom.39...DG.atom.79..",0
"PHE..atom.45...DG.atom.79..",0
"ASP..atom.67...DG.atom.79..",0
"LYS..atom.12...DT.atom.80..",0
"LYS..atom.12...DT.atom.81..",0
"GLY..atom.44...DT.atom.81..",0
"GLY..atom.44...DG.atom.82..",0
"DG..atom.82...DG.atom.84..",0
"VAL..atom.6...DC.atom.85..",0
"SER..atom.78...DC.atom.85..",0
