"","V1"
"THR..atom.1...LEU.atom.4..",0.000107991139658256
"THR..atom.1...ILE.atom.5..",1.23329202801707e-05
"SER..atom.2...ILE.atom.5..",2.24829059674109e-05
"THR..atom.1...VAL.atom.6..",1.45506057583508e-05
"SER..atom.2...VAL.atom.6..",1.74398254115408e-05
"ASP..atom.3...VAL.atom.6..",7.43981532398068e-05
"LEU..atom.4...LEU.atom.7..",0.000348006793593402
"ILE..atom.5...GLY.atom.8..",3.042405143712e-05
"ILE..atom.5...LEU.atom.9..",6.06110998288428e-05
"LEU..atom.7...PRO.atom.10..",0.000924927572844547
"LEU..atom.7...TRP.atom.11..",0.000535944509797315
"GLY..atom.8...TRP.atom.11..",0.000122775946627598
"GLY..atom.8...THR.atom.13..",0.00168370639652401
"LEU..atom.9...THR.atom.14..",0.000511897628694037
"PRO..atom.10...THR.atom.14..",0.00216018966945521
"TRP..atom.11...THR.atom.14..",0.000262482948710088
"VAL..atom.6...GLU.atom.15..",0.000222553022170938
"LEU..atom.9...GLU.atom.15..",2.09707212928239e-05
"TRP..atom.11...GLU.atom.15..",0.00027505429235755
"LYS..atom.12...GLU.atom.15..",6.57675727238558e-05
"LYS..atom.12...GLN.atom.16..",4.74200919584616e-05
"LEU..atom.9...ASP.atom.17..",0.0018050081353105
"PRO..atom.10...ASP.atom.17..",0.000399077769856614
"TRP..atom.11...ASP.atom.17..",0.00430962104813049
"LYS..atom.12...ASP.atom.17..",0.000106897470637718
"VAL..atom.6...LEU.atom.18..",0.000448571458884642
"LEU..atom.9...LEU.atom.18..",0.00194387048469435
"PRO..atom.10...LEU.atom.18..",0.00339430022256506
"LYS..atom.12...LEU.atom.18..",0.00319556791279816
"THR..atom.13...LYS.atom.19..",5.69389553862372e-05
"THR..atom.14...LYS.atom.19..",0.00346821668462883
"THR..atom.13...GLU.atom.20..",0.000201007913679714
"THR..atom.14...GLU.atom.20..",0.000895416076089223
"GLU..atom.15...GLU.atom.20..",0.000354908071137959
"LEU..atom.9...TYR.atom.21..",5.72052099049153e-06
"THR..atom.13...TYR.atom.21..",0.000257750513000499
"THR..atom.14...TYR.atom.21..",0.0106807379810372
"GLU..atom.15...TYR.atom.21..",0.000130044763348875
"GLN..atom.16...TYR.atom.21..",6.23330329543633e-05
"GLU..atom.15...PHE.atom.22..",0.00018757968548477
"GLN..atom.16...PHE.atom.22..",0.000188019797221656
"ASP..atom.17...PHE.atom.22..",0.000272951342978394
"GLN..atom.16...SER.atom.23..",0.000107186938601923
"ASP..atom.17...SER.atom.23..",9.9065597971128e-05
"LEU..atom.18...THR.atom.24..",8.3102695995182e-05
"LYS..atom.19...THR.atom.24..",0.000197351786998719
"LYS..atom.19...PHE.atom.25..",0.000195688455895499
"GLU..atom.20...PHE.atom.25..",9.36252502658268e-05
"LYS..atom.19...GLY.atom.26..",6.66633590260746e-05
"GLU..atom.20...GLY.atom.26..",0.000189450939104456
"TYR..atom.21...GLY.atom.26..",0.00518066360398846
"LYS..atom.19...GLU.atom.27..",0.000250388211710045
"GLU..atom.20...GLU.atom.27..",5.56242101606078e-05
"TYR..atom.21...GLU.atom.27..",0.000121581202247907
"THR..atom.1...VAL.atom.28..",1.8086307704949e-06
"SER..atom.2...VAL.atom.28..",1.15703464532013e-06
"ASP..atom.3...VAL.atom.28..",9.02315402060666e-06
"GLU..atom.15...VAL.atom.28..",1.53556814826739e-05
"GLN..atom.16...VAL.atom.28..",0.00126310053052788
"LEU..atom.18...VAL.atom.28..",0.000384601315952651
"GLU..atom.20...VAL.atom.28..",8.05285688207552e-05
"TYR..atom.21...VAL.atom.28..",0.000141660191703283
"THR..atom.24...VAL.atom.28..",0.000200908277059376
"PHE..atom.25...VAL.atom.28..",0.00098952683216537
"THR..atom.1...LEU.atom.29..",1.0874774728867e-05
"SER..atom.2...LEU.atom.29..",7.46835375160916e-06
"ASP..atom.3...LEU.atom.29..",8.16508011529866e-06
"LYS..atom.19...LEU.atom.29..",0.000350307344832012
"PHE..atom.22...LEU.atom.29..",0.000526054182186029
"SER..atom.23...LEU.atom.29..",0.000230544086917051
"GLY..atom.26...LEU.atom.29..",0.000178507253952216
"THR..atom.1...MET.atom.30..",0.000138615996897174
"SER..atom.2...MET.atom.30..",8.58745226486823e-05
"ASP..atom.3...MET.atom.30..",0.000120483690762765
"LEU..atom.4...MET.atom.30..",0.000168574942031495
"GLU..atom.15...MET.atom.30..",0.000634191538516175
"GLN..atom.16...MET.atom.30..",0.000798188508253639
"LEU..atom.18...MET.atom.30..",0.000357668581630129
"LYS..atom.19...MET.atom.30..",7.17452671317223e-05
"GLU..atom.20...MET.atom.30..",0.000120294645300332
"PHE..atom.22...MET.atom.30..",0.000296737738959965
"SER..atom.23...MET.atom.30..",0.000175337988745842
"GLU..atom.27...MET.atom.30..",0.000110702887222641
"THR..atom.1...VAL.atom.31..",4.2245137757392e-05
"SER..atom.2...VAL.atom.31..",0.000153536511697759
"ASP..atom.3...VAL.atom.31..",0.00015294969273049
"LEU..atom.4...VAL.atom.31..",0.00011407689305751
"ILE..atom.5...VAL.atom.31..",0.00318175498553274
"VAL..atom.6...VAL.atom.31..",0.000630693559565359
"THR..atom.14...VAL.atom.31..",3.70904517880464e-05
"ASP..atom.17...VAL.atom.31..",0.000319838411975618
"GLU..atom.20...VAL.atom.31..",0.000116777910918493
"TYR..atom.21...VAL.atom.31..",0.000127570993899278
"PHE..atom.22...VAL.atom.31..",4.63960267599761e-05
"SER..atom.23...VAL.atom.31..",0.00022357337883107
"GLU..atom.27...VAL.atom.31..",0.000675477392792181
"THR..atom.1...GLN.atom.32..",2.79651256396216e-05
"SER..atom.2...GLN.atom.32..",4.187765883068e-05
"ASP..atom.3...GLN.atom.32..",0.00012123001458894
"LEU..atom.4...GLN.atom.32..",0.000304286514444565
"ILE..atom.5...GLN.atom.32..",0.000326798765600343
"VAL..atom.6...GLN.atom.32..",0.000524179278497783
"THR..atom.13...GLN.atom.32..",0.00024260427878042
"THR..atom.14...GLN.atom.32..",7.69895359556774e-05
"GLN..atom.16...GLN.atom.32..",0.000147492365924448
"ASP..atom.17...GLN.atom.32..",3.85272568226687
"LEU..atom.18...GLN.atom.32..",0.000455562550842255
"LYS..atom.19...GLN.atom.32..",6.71181233928068e-05
"VAL..atom.28...GLN.atom.32..",0.0025565297806726
"LEU..atom.29...GLN.atom.32..",0.000268026555399162
"THR..atom.1...VAL.atom.33..",2.08309140994694e-05
"SER..atom.2...VAL.atom.33..",3.78353868707433e-05
"ILE..atom.5...VAL.atom.33..",1.16346034886881e-05
"VAL..atom.6...VAL.atom.33..",0.000252180217240645
"LEU..atom.7...VAL.atom.33..",0.000423179999578003
"LEU..atom.9...VAL.atom.33..",0.000196210912026605
"PRO..atom.10...VAL.atom.33..",0.00018901257263437
"TRP..atom.11...VAL.atom.33..",0.000181257842051173
"LYS..atom.12...VAL.atom.33..",0.00027358368376873
"THR..atom.13...VAL.atom.33..",0.000473228819035414
"GLN..atom.16...VAL.atom.33..",4.27827433590117e-06
"ASP..atom.17...VAL.atom.33..",0.000153684030473984
"LEU..atom.18...VAL.atom.33..",0.000207896724917537
"LYS..atom.19...VAL.atom.33..",0.000128804130817151
"MET..atom.30...VAL.atom.33..",0.000212846544018707
"THR..atom.1...LYS.atom.34..",2.01250262047703e-05
"SER..atom.2...LYS.atom.34..",9.35146481558159e-06
"ILE..atom.5...LYS.atom.34..",7.73585474579996e-05
"VAL..atom.6...LYS.atom.34..",0.000287597178584085
"LEU..atom.7...LYS.atom.34..",9.5527785644005e-05
"LEU..atom.9...LYS.atom.34..",0.000861112933019665
"TRP..atom.11...LYS.atom.34..",0.000627277746786392
"THR..atom.13...LYS.atom.34..",0.000225168062076273
"THR..atom.14...LYS.atom.34..",0.000367544825100838
"GLU..atom.15...LYS.atom.34..",0.000121889881535262
"VAL..atom.31...LYS.atom.34..",0.00107901820880475
"TRP..atom.11...LYS.atom.35..",0.0001734996439976
"LYS..atom.12...LYS.atom.35..",0.000285419059965584
"THR..atom.13...LYS.atom.35..",0.0106360796076102
"THR..atom.14...LYS.atom.35..",0.000292062237185096
"GLU..atom.15...LYS.atom.35..",0.000386469596999579
"GLN..atom.32...LYS.atom.35..",5.61976320713281e-05
"TRP..atom.11...ASP.atom.36..",0.000221307897383773
"VAL..atom.33...ASP.atom.36..",0.000289357664339861
"LYS..atom.34...LEU.atom.37..",0.00314586001987412
"LYS..atom.35...LYS.atom.38..",0.000149144861966792
"TRP..atom.11...THR.atom.39..",3.6323816439716e-05
"LYS..atom.12...THR.atom.39..",0.000133741599820473
"LYS..atom.34...THR.atom.39..",0.000224186829021228
"TRP..atom.11...GLY.atom.40..",0.000283042297011932
"LYS..atom.12...GLY.atom.40..",4.70480898883208e-05
"THR..atom.13...GLY.atom.40..",0.000147424796965953
"THR..atom.14...GLY.atom.40..",1.44565240877865e-05
"VAL..atom.33...GLY.atom.40..",0.000177061855720051
"LYS..atom.34...GLY.atom.40..",4.73560641362096e-05
"PRO..atom.10...HIS.atom.41..",0.000428994089736572
"TRP..atom.11...HIS.atom.41..",0.000411154616670195
"LYS..atom.12...HIS.atom.41..",9.10482447334165e-05
"THR..atom.13...HIS.atom.41..",8.37793531389178e-05
"THR..atom.14...HIS.atom.41..",0.000208605185860412
"GLU..atom.15...HIS.atom.41..",0.000418009457149037
"VAL..atom.33...HIS.atom.41..",2.95232643980687e-05
"GLY..atom.8...SER.atom.42..",0.00110192846615226
"LEU..atom.9...SER.atom.42..",0.000139037040588682
"PRO..atom.10...SER.atom.42..",0.000114751731517328
"LYS..atom.12...SER.atom.42..",9.1925798750662e-05
"THR..atom.13...SER.atom.42..",2.64975085602637e-05
"THR..atom.14...SER.atom.42..",0.000141072689906194
"GLU..atom.15...SER.atom.42..",3.44244024663634e-05
"GLN..atom.32...SER.atom.42..",0.000591044225556108
"LEU..atom.37...SER.atom.42..",3.19914259417072e-05
"LYS..atom.38...SER.atom.42..",9.63466656945421e-05
"LEU..atom.7...LYS.atom.43..",13.4956061810985
"GLY..atom.8...LYS.atom.43..",0.000562257454335508
"LEU..atom.9...LYS.atom.43..",7.99793920000455e-05
"PRO..atom.10...LYS.atom.43..",0.0100406669174382
"LYS..atom.12...LYS.atom.43..",4.44555488745572e-05
"THR..atom.13...LYS.atom.43..",0.00225175932178791
"THR..atom.14...LYS.atom.43..",1.09309445673892e-05
"VAL..atom.33...LYS.atom.43..",0.000216836778594088
"LEU..atom.37...LYS.atom.43..",3.12387056397946e-07
"LYS..atom.38...LYS.atom.43..",2.40899135877076
"THR..atom.39...LYS.atom.43..",5.14203011128027e-05
"GLY..atom.40...LYS.atom.43..",0.00100648165651006
"ILE..atom.5...GLY.atom.44..",6.17688877411043e-05
"LYS..atom.12...GLY.atom.44..",0.000173084411366926
"THR..atom.13...GLY.atom.44..",0.000548917499030068
"THR..atom.14...GLY.atom.44..",0.000141994372675012
"GLU..atom.15...GLY.atom.44..",0.000450878607479819
"LEU..atom.18...GLY.atom.44..",0.000210092500396074
"GLN..atom.32...GLY.atom.44..",0.000121624971906822
"LYS..atom.34...GLY.atom.44..",0.00125149611375026
"ASP..atom.36...GLY.atom.44..",0.000344564543613032
"THR..atom.39...GLY.atom.44..",5.06797889204768e-05
"HIS..atom.41...GLY.atom.44..",0.000236300559994527
"THR..atom.1...PHE.atom.45..",2.97745332369929e-05
"LEU..atom.4...PHE.atom.45..",0.000142025627069035
"PRO..atom.10...PHE.atom.45..",0.00284235851183353
"TRP..atom.11...PHE.atom.45..",1.48398031818318e-05
"LYS..atom.12...PHE.atom.45..",8.27009274458626e-05
"THR..atom.13...PHE.atom.45..",0.000296667593462133
"THR..atom.14...PHE.atom.45..",4.4206397894901e-05
"GLU..atom.15...PHE.atom.45..",5.1921897397714e-05
"LEU..atom.18...PHE.atom.45..",0.000616282028243564
"ASP..atom.36...PHE.atom.45..",0.795786318620229
"HIS..atom.41...PHE.atom.45..",0.000307536754439073
"THR..atom.1...GLY.atom.46..",2.95161234560999e-05
"SER..atom.2...GLY.atom.46..",4.08047273078299e-05
"ASP..atom.3...GLY.atom.46..",0.000312842109696465
"GLY..atom.8...GLY.atom.46..",0.00125304329883149
"PRO..atom.10...GLY.atom.46..",3.27213960312264e-05
"TRP..atom.11...GLY.atom.46..",1.43182068632655e-06
"THR..atom.13...GLY.atom.46..",0.00115383763390796
"THR..atom.14...GLY.atom.46..",8.98452730894498e-05
"GLU..atom.15...GLY.atom.46..",0.000413721557769607
"ASP..atom.17...GLY.atom.46..",0.000132887304478435
"LEU..atom.18...GLY.atom.46..",1.30550437671665e-06
"LYS..atom.19...GLY.atom.46..",0.000149139036805606
"MET..atom.30...GLY.atom.46..",0.000143967896709741
"LYS..atom.35...GLY.atom.46..",0.000127952839009853
"ASP..atom.36...GLY.atom.46..",0.000424920371713193
"SER..atom.42...GLY.atom.46..",0.000178912762542097
"LYS..atom.43...GLY.atom.46..",9.06915048003866e-05
"THR..atom.1...PHE.atom.47..",2.74401437028465e-05
"SER..atom.2...PHE.atom.47..",4.85133514581298e-05
"LEU..atom.9...PHE.atom.47..",0.000239442902678327
"THR..atom.14...PHE.atom.47..",0.000521375051675527
"GLU..atom.15...PHE.atom.47..",0.000147119853225162
"LEU..atom.18...PHE.atom.47..",7.36044806479405e-05
"LYS..atom.19...PHE.atom.47..",0.000529841228618983
"PHE..atom.22...PHE.atom.47..",0.000469729219345137
"GLY..atom.44...PHE.atom.47..",0.000227031974757093
"THR..atom.1...VAL.atom.48..",4.49089210021032e-05
"SER..atom.2...VAL.atom.48..",1.39122756920541e-05
"GLU..atom.15...VAL.atom.48..",0.000711620969577684
"LEU..atom.18...VAL.atom.48..",0.000439899746454119
"TYR..atom.21...VAL.atom.48..",0.000166401752487562
"PHE..atom.22...VAL.atom.48..",0.000160682215884625
"SER..atom.23...VAL.atom.48..",0.00288323508616734
"GLY..atom.26...VAL.atom.48..",1.40059660539237e-05
"GLU..atom.27...VAL.atom.48..",0.000107733733105083
"PHE..atom.45...VAL.atom.48..",0.00013659067214658
"THR..atom.1...ARG.atom.49..",6.16946655664857e-05
"SER..atom.2...ARG.atom.49..",2.93595591329848e-06
"ILE..atom.5...ARG.atom.49..",4.29721663169849e-05
"VAL..atom.6...ARG.atom.49..",0.000111750626786404
"LYS..atom.19...ARG.atom.49..",0.00155495774684195
"PHE..atom.22...ARG.atom.49..",0.000180006895043266
"SER..atom.23...ARG.atom.49..",0.000580378186685375
"GLY..atom.26...ARG.atom.49..",0.000222539720490345
"GLU..atom.27...ARG.atom.49..",8.3752524702414e-05
"GLN..atom.32...ARG.atom.49..",0.000318926209499559
"THR..atom.1...PHE.atom.50..",5.5402266305131e-05
"SER..atom.2...PHE.atom.50..",0.000165757655403265
"ASP..atom.3...PHE.atom.50..",0.000167644155816614
"LEU..atom.4...PHE.atom.50..",8.4906706777694e-05
"LYS..atom.19...PHE.atom.50..",0.000101932080144319
"PHE..atom.22...PHE.atom.50..",0.000158571869640126
"SER..atom.23...PHE.atom.50..",0.000174410013625617
"PHE..atom.25...PHE.atom.50..",0.000324942848307148
"PHE..atom.47...PHE.atom.50..",3.87286950781385e-06
"THR..atom.1...THR.atom.51..",7.52197298711017e-05
"SER..atom.2...THR.atom.51..",0.000218778643418202
"ASP..atom.3...THR.atom.51..",9.40764556961998e-05
"SER..atom.23...THR.atom.51..",5.72432661375943e-05
"GLY..atom.26...THR.atom.51..",0.000302356685065766
"MET..atom.30...THR.atom.51..",0.000185206887545484
"VAL..atom.48...THR.atom.51..",0.000137912078322328
"THR..atom.1...GLU.atom.52..",4.0813311430409e-05
"SER..atom.2...GLU.atom.52..",2.97712586974737e-05
"ASP..atom.3...GLU.atom.52..",1.88718324170065e-05
"PHE..atom.25...GLU.atom.52..",8.55404404228211e-05
"GLY..atom.26...GLU.atom.52..",0.000139063595128894
"GLU..atom.27...GLU.atom.52..",3.66903814793853e-06
"VAL..atom.28...GLU.atom.52..",2.48972145781938e-06
"LEU..atom.29...GLU.atom.52..",9.69192024851888e-05
"THR..atom.1...TYR.atom.53..",2.97988525290135e-05
"SER..atom.2...TYR.atom.53..",2.76833746403299e-05
"ASP..atom.3...TYR.atom.53..",9.7904297876555e-05
"LEU..atom.4...TYR.atom.53..",7.45027362034504e-05
"GLY..atom.26...TYR.atom.53..",3.33732548823622e-05
"GLU..atom.27...TYR.atom.53..",0.000283166175429214
"VAL..atom.28...TYR.atom.53..",0.000654468140754363
"LEU..atom.29...TYR.atom.53..",0.00022471190337261
"VAL..atom.48...TYR.atom.53..",9.04567435261534e-05
"ARG..atom.49...TYR.atom.53..",5.44649835614692e-05
"THR..atom.1...GLU.atom.54..",3.8099260880384e-05
"PHE..atom.25...GLU.atom.54..",6.4234325172664e-06
"GLY..atom.26...GLU.atom.54..",2.31878535872948e-06
"GLU..atom.27...GLU.atom.54..",0.000179134357592072
"ARG..atom.49...GLU.atom.54..",3.71096429155743e-05
"THR..atom.1...THR.atom.55..",0.00178550099893199
"ASP..atom.3...THR.atom.55..",0.00352181485798943
"LEU..atom.4...THR.atom.55..",0.000257660103699451
"PHE..atom.22...THR.atom.55..",0.000119054054374432
"SER..atom.23...THR.atom.55..",2.70891508196169e-05
"THR..atom.24...THR.atom.55..",0.000123366564741647
"PHE..atom.25...THR.atom.55..",4.49931902887032e-05
"GLY..atom.26...THR.atom.55..",4.21946095985599e-05
"GLU..atom.27...THR.atom.55..",0.00114919031175701
"VAL..atom.28...THR.atom.55..",0.00014030722159658
"VAL..atom.48...THR.atom.55..",4.87529741866455e-05
"ARG..atom.49...THR.atom.55..",0.0057048694824125
"THR..atom.1...GLN.atom.56..",8.8354139229131e-05
"SER..atom.2...GLN.atom.56..",2.09798012784949e-05
"ASP..atom.3...GLN.atom.56..",0.000529579856490356
"ILE..atom.5...GLN.atom.56..",0.000157251877282211
"PHE..atom.22...GLN.atom.56..",0.000288537916498814
"PHE..atom.25...GLN.atom.56..",7.60661125456267e-06
"GLY..atom.26...GLN.atom.56..",6.65856968107213e-05
"GLU..atom.27...GLN.atom.56..",0.000105543748902698
"VAL..atom.28...GLN.atom.56..",7.02779041256875e-05
"LEU..atom.29...GLN.atom.56..",0.000369072649012886
"VAL..atom.48...GLN.atom.56..",1.61092857775951e-05
"THR..atom.51...GLN.atom.56..",0.000732191844537666
"THR..atom.1...VAL.atom.57..",2.55675475408138e-05
"SER..atom.2...VAL.atom.57..",4.71687788074424e-05
"ASP..atom.3...VAL.atom.57..",3.24438776982586e-05
"LEU..atom.4...VAL.atom.57..",6.13582419516853e-05
"ILE..atom.5...VAL.atom.57..",5.04764129557826e-05
"PHE..atom.25...VAL.atom.57..",1.24468376324375
"GLY..atom.26...VAL.atom.57..",9.01966516000988e-05
"ARG..atom.49...VAL.atom.57..",0.000254614744377801
"PHE..atom.50...VAL.atom.57..",0.000409126628347635
"GLU..atom.52...VAL.atom.57..",0.000776339050425044
"LEU..atom.4...LYS.atom.58..",0.000483205783911591
"PHE..atom.22...LYS.atom.58..",0.000261947022614692
"THR..atom.24...LYS.atom.58..",4.05116678570496e-06
"PHE..atom.25...LYS.atom.58..",0.00013547474892908
"GLY..atom.26...LYS.atom.58..",0.00147954938840983
"PHE..atom.50...LYS.atom.58..",0.000208384381733005
"GLU..atom.52...LYS.atom.58..",0.00060579795213417
"TYR..atom.53...LYS.atom.58..",0.000174230449034234
"LEU..atom.4...VAL.atom.59..",9.66092429433549e-05
"ILE..atom.5...VAL.atom.59..",0.000358820790729268
"VAL..atom.6...VAL.atom.59..",0.000744071556041434
"TYR..atom.21...VAL.atom.59..",0.000233175252113027
"PHE..atom.22...VAL.atom.59..",0.000323794063152823
"SER..atom.23...VAL.atom.59..",4.82137775318123e-05
"THR..atom.24...VAL.atom.59..",0.00149119520949366
"PHE..atom.25...VAL.atom.59..",1.17710990674504
"GLY..atom.26...VAL.atom.59..",0.000474154902678882
"GLU..atom.27...VAL.atom.59..",0.00309298922405741
"VAL..atom.28...VAL.atom.59..",0.00109274590626046
"VAL..atom.48...VAL.atom.59..",0.00024667615698546
"ARG..atom.49...VAL.atom.59..",0.00019055268600772
"PHE..atom.50...VAL.atom.59..",0.000172857382896498
"TYR..atom.53...VAL.atom.59..",6.32048665444702e-05
"GLU..atom.54...VAL.atom.59..",0.000865437892578974
"SER..atom.2...MET.atom.60..",0
"ASP..atom.3...MET.atom.60..",2.78741120461812e-05
"LEU..atom.4...MET.atom.60..",8.42197054447748e-05
"ILE..atom.5...MET.atom.60..",0.000157942476560933
"VAL..atom.6...MET.atom.60..",0.000649777955267484
"PHE..atom.22...MET.atom.60..",0.000555966587749306
"PHE..atom.25...MET.atom.60..",0.00012301023905274
"GLY..atom.26...MET.atom.60..",0.00139942605009018
"VAL..atom.48...MET.atom.60..",0.000451069260014651
"ARG..atom.49...MET.atom.60..",0.000408374861280493
"PHE..atom.50...MET.atom.60..",0.000200226295946392
"TYR..atom.53...MET.atom.60..",9.28188348798047e-05
"GLU..atom.54...MET.atom.60..",0.00069903612438355
"THR..atom.55...MET.atom.60..",0.000510217392757615
"LEU..atom.4...SER.atom.61..",3.72799097266751e-06
"PHE..atom.25...SER.atom.61..",0.000383671652732298
"GLU..atom.54...SER.atom.61..",0.000155850600743392
"THR..atom.55...SER.atom.61..",0.000284053573394913
"GLN..atom.56...SER.atom.61..",3.40438062337454e-05
"VAL..atom.6...GLN.atom.62..",0.000262425138769865
"PHE..atom.22...GLN.atom.62..",0.000101976486563696
"PHE..atom.25...GLN.atom.62..",1.22179316720302e-05
"GLY..atom.26...GLN.atom.62..",5.99027298240084e-06
"THR..atom.55...GLN.atom.62..",0.000139338812179073
"GLN..atom.56...GLN.atom.62..",0.00167445106801415
"VAL..atom.57...GLN.atom.62..",2.57435839750709e-05
"LYS..atom.58...GLN.atom.62..",0.000183816347943093
"VAL..atom.6...ARG.atom.63..",0.000291505077106084
"LEU..atom.7...ARG.atom.63..",0.000103005620078712
"GLY..atom.8...ARG.atom.63..",7.36797845940148e-05
"LEU..atom.9...ARG.atom.63..",0.000532220544910207
"PHE..atom.22...ARG.atom.63..",0.000151874690639033
"PHE..atom.25...ARG.atom.63..",2.04451960156732e-05
"LYS..atom.58...ARG.atom.63..",2.63803730813569e-05
"VAL..atom.6...HIS.atom.64..",0.000270828696829859
"LEU..atom.7...HIS.atom.64..",0.000158218081737148
"GLY..atom.8...HIS.atom.64..",0.000131955994461338
"LEU..atom.9...HIS.atom.64..",0.00030678117725637
"TYR..atom.21...HIS.atom.64..",5.15722204184395e-05
"PHE..atom.22...HIS.atom.64..",0.000181697133147922
"THR..atom.24...HIS.atom.64..",0.000460593151279966
"PHE..atom.25...HIS.atom.64..",0.000485494513249485
"LYS..atom.58...HIS.atom.64..",2.7222460662988e-05
"VAL..atom.59...HIS.atom.64..",0.000527486374614557
"MET..atom.60...HIS.atom.64..",4.50361565301924e-05
"SER..atom.61...HIS.atom.64..",0.00709014401118619
"GLY..atom.8...MET.atom.65..",5.00632373054666e-05
"LEU..atom.9...MET.atom.65..",4.73514563346286e-05
"PRO..atom.10...MET.atom.65..",0.000156020711583755
"LEU..atom.18...MET.atom.65..",0.037144205644218
"TYR..atom.21...MET.atom.65..",0.000785433288160699
"PHE..atom.22...MET.atom.65..",0.000181141982224964
"VAL..atom.59...MET.atom.65..",5.34226042081312e-05
"GLN..atom.62...MET.atom.65..",8.94131429833237e-05
"VAL..atom.6...ILE.atom.66..",7.38170069584302e-05
"LEU..atom.7...ILE.atom.66..",0.000153982915218835
"GLY..atom.8...ILE.atom.66..",0.000137051841358745
"LEU..atom.9...ILE.atom.66..",0.000298350482327973
"PRO..atom.10...ILE.atom.66..",0.116096488788909
"TRP..atom.11...ILE.atom.66..",6.5759479232876e-05
"LYS..atom.12...ILE.atom.66..",0.00112588931903327
"THR..atom.13...ILE.atom.66..",0.000127474874624599
"THR..atom.14...ILE.atom.66..",2.80587302291667e-05
"ASP..atom.17...ILE.atom.66..",0.00027086663792617
"LEU..atom.18...ILE.atom.66..",0.000139900573934625
"LYS..atom.19...ILE.atom.66..",0.000330052899790949
"GLU..atom.20...ILE.atom.66..",7.72758645249548e-05
"TYR..atom.21...ILE.atom.66..",0.000244560817055141
"PHE..atom.22...ILE.atom.66..",1.1046041761383e-06
"THR..atom.24...ILE.atom.66..",0.000215180053180027
"GLY..atom.44...ILE.atom.66..",4.02090023368311e-05
"GLN..atom.62...ILE.atom.66..",100
"ARG..atom.63...ILE.atom.66..",0.000317517870994145
"GLY..atom.8...ASP.atom.67..",0.000650023399411793
"LEU..atom.9...ASP.atom.67..",0.00056048773689488
"PRO..atom.10...ASP.atom.67..",4.00689366053988e-05
"TRP..atom.11...ASP.atom.67..",4.58492038821887e-05
"LYS..atom.12...ASP.atom.67..",0.00283532835092857
"THR..atom.13...ASP.atom.67..",0.000103655600333286
"THR..atom.14...ASP.atom.67..",0.000376410901732293
"ASP..atom.17...ASP.atom.67..",0.00074262373721122
"LEU..atom.18...ASP.atom.67..",0.000716776280027019
"GLU..atom.20...ASP.atom.67..",8.02556703207347e-05
"TYR..atom.21...ASP.atom.67..",0.000119411730690804
"PHE..atom.22...ASP.atom.67..",0.000275502325464348
"HIS..atom.64...ASP.atom.67..",0.000128956272355978
"GLY..atom.8...GLY.atom.68..",0.000234959360071492
"LEU..atom.9...GLY.atom.68..",5.79281125344058e-05
"PRO..atom.10...GLY.atom.68..",0.000278939516099945
"TRP..atom.11...GLY.atom.68..",7.15696837950347e-05
"LYS..atom.12...GLY.atom.68..",0.000106593521985851
"THR..atom.13...GLY.atom.68..",0.000172142023612321
"ASP..atom.17...GLY.atom.68..",4.06697301993834e-05
"TYR..atom.21...GLY.atom.68..",0.000223847133999575
"HIS..atom.64...GLY.atom.68..",7.2729413091699e-05
"LEU..atom.7...ARG.atom.69..",0.000215322579918263
"TRP..atom.11...ARG.atom.69..",0.0001911050501903
"LYS..atom.12...ARG.atom.69..",6.43947427227636e-05
"THR..atom.13...ARG.atom.69..",0.00259744440522277
"GLY..atom.44...ARG.atom.69..",0.000887715122749738
"ARG..atom.63...ARG.atom.69..",4.12352032155963e-05
"HIS..atom.64...ARG.atom.69..",8.0936518113238e-05
"VAL..atom.6...TRP.atom.70..",1.34610836534797e-05
"LEU..atom.7...TRP.atom.70..",4.63911663162007e-05
"PRO..atom.10...TRP.atom.70..",8.87244384436119e-05
"GLY..atom.44...TRP.atom.70..",0.000110136161684444
"GLN..atom.62...TRP.atom.70..",0.000909520687555801
"ILE..atom.5...CYS.atom.71..",2.39824873355561e-05
"PRO..atom.10...CYS.atom.71..",0.000867065734946222
"THR..atom.13...CYS.atom.71..",0.000135545036338593
"LEU..atom.18...CYS.atom.71..",9.16504700777452e-05
"TYR..atom.21...CYS.atom.71..",0.000393173450200229
"PHE..atom.22...CYS.atom.71..",0.000824900054685897
"GLY..atom.44...CYS.atom.71..",0.000103769541549965
"PHE..atom.45...CYS.atom.71..",1.85389293378871e-05
"GLY..atom.46...CYS.atom.71..",0.027782694956214
"PHE..atom.47...CYS.atom.71..",3.98805592089217e-05
"VAL..atom.59...CYS.atom.71..",8.50486332107869e-05
"MET..atom.60...CYS.atom.71..",0.000253432507986414
"GLN..atom.62...CYS.atom.71..",0.000183984817485891
"ASP..atom.67...CYS.atom.71..",0.000164400410388103
"GLY..atom.68...CYS.atom.71..",6.82152543174784e-05
"LEU..atom.4...ASP.atom.72..",0.000328149363950632
"LEU..atom.9...ASP.atom.72..",0.000271687362688471
"GLY..atom.44...ASP.atom.72..",0.000418123417218623
"PHE..atom.45...ASP.atom.72..",8.1644531084101e-05
"GLY..atom.46...ASP.atom.72..",0.000270353755704411
"PHE..atom.47...ASP.atom.72..",9.10301837732296e-05
"VAL..atom.59...ASP.atom.72..",0.000277677302013726
"MET..atom.60...ASP.atom.72..",0.000119574039272395
"SER..atom.61...ASP.atom.72..",0.000797332273213742
"GLN..atom.62...ASP.atom.72..",0.000105055892486165
"ARG..atom.63...ASP.atom.72..",6.54491092419106e-06
"MET..atom.65...ASP.atom.72..",0.000442649379397344
"ILE..atom.66...ASP.atom.72..",0.000237156999860125
"ARG..atom.69...ASP.atom.72..",0.000204824863221395
"ASP..atom.3...CYS.atom.73..",0.000433145638374344
"GLY..atom.8...CYS.atom.73..",0.000108463928854963
"LEU..atom.9...CYS.atom.73..",3.7541696396624e-05
"PHE..atom.22...CYS.atom.73..",7.0645423946741e-05
"PHE..atom.45...CYS.atom.73..",0.00059008477043647
"GLY..atom.46...CYS.atom.73..",0.000245941230588969
"PHE..atom.47...CYS.atom.73..",0.000451765239681576
"VAL..atom.48...CYS.atom.73..",0.00168998973277035
"ARG..atom.49...CYS.atom.73..",7.04753298126982e-05
"GLN..atom.56...CYS.atom.73..",0.000413132705850621
"VAL..atom.57...CYS.atom.73..",3.65244525439459e-05
"LYS..atom.58...CYS.atom.73..",0.00134677331573036
"VAL..atom.59...CYS.atom.73..",0.000137027967586219
"SER..atom.61...CYS.atom.73..",0.00010547638399423
"GLN..atom.62...CYS.atom.73..",0.000301335881308756
"ARG..atom.63...CYS.atom.73..",0.000222642057599721
"HIS..atom.64...CYS.atom.73..",0.00018018317488509
"MET..atom.65...CYS.atom.73..",5.22228923987656e-05
"ILE..atom.66...CYS.atom.73..",2.04803581479376
"TRP..atom.70...CYS.atom.73..",0.000255469848525805
"SER..atom.2...LYS.atom.74..",0.000170213014128957
"ASP..atom.3...LYS.atom.74..",0.000152935091690944
"PHE..atom.47...LYS.atom.74..",0.00186704517501148
"VAL..atom.48...LYS.atom.74..",3.9800695876286e-05
"ARG..atom.49...LYS.atom.74..",1.97666212173889e-05
"GLN..atom.56...LYS.atom.74..",5.90256758070155e-05
"VAL..atom.57...LYS.atom.74..",0.000368327540935281
"LYS..atom.58...LYS.atom.74..",0.000566291513147812
"VAL..atom.59...LYS.atom.74..",0.00111298031697424
"MET..atom.60...LYS.atom.74..",0.000446310664738339
"SER..atom.61...LYS.atom.74..",0.000411402450931203
"GLN..atom.62...LYS.atom.74..",0.000299648258618201
"ARG..atom.63...LYS.atom.74..",2.85598544582422e-05
"HIS..atom.64...LYS.atom.74..",0.000319799400775218
"CYS..atom.71...LYS.atom.74..",0.000138780878861359
"THR..atom.1...LEU.atom.75..",0.000192299470361322
"SER..atom.2...LEU.atom.75..",7.80515159897381e-05
"VAL..atom.6...LEU.atom.75..",2.46222362572661e-05
"LEU..atom.7...LEU.atom.75..",0.000484662221998588
"PHE..atom.47...LEU.atom.75..",0.000627832547704899
"VAL..atom.48...LEU.atom.75..",5.29822308781957e-05
"ARG..atom.49...LEU.atom.75..",0.000116005289067997
"GLN..atom.56...LEU.atom.75..",0.000311671897231876
"VAL..atom.57...LEU.atom.75..",7.86554056999802e-05
"VAL..atom.59...LEU.atom.75..",0.000108421730270652
"MET..atom.60...LEU.atom.75..",7.16993229649514e-05
"SER..atom.61...LEU.atom.75..",0.000405481491884905
"GLN..atom.62...LEU.atom.75..",5.52188443368146e-05
"ASP..atom.72...LEU.atom.75..",4.24715372297284e-06
"THR..atom.1...PRO.atom.76..",5.62857413951863e-05
"SER..atom.2...PRO.atom.76..",1.62062416263936e-05
"VAL..atom.6...PRO.atom.76..",0.000780224549744828
"LEU..atom.7...PRO.atom.76..",0.000132659311942215
"GLY..atom.46...PRO.atom.76..",4.93992376710333e-05
"PHE..atom.47...PRO.atom.76..",0.000323161994794699
"VAL..atom.48...PRO.atom.76..",0.000984945195487735
"MET..atom.60...PRO.atom.76..",4.33786213652253e-05
"CYS..atom.73...PRO.atom.76..",0.000359275393542121
"THR..atom.1...ASN.atom.77..",0.000126583266817827
"SER..atom.2...ASN.atom.77..",0.000186890138730232
"ASP..atom.3...ASN.atom.77..",5.04656555670534e-05
"LEU..atom.4...ASN.atom.77..",0.000194095018971648
"ILE..atom.5...ASN.atom.77..",7.2643333513857e-05
"LYS..atom.74...ASN.atom.77..",0.00320281270548967
"THR..atom.1...SER.atom.78..",0.000122876451110781
"SER..atom.2...SER.atom.78..",1.8826698843464e-05
"ASP..atom.3...SER.atom.78..",3.53725507367194e-05
"LEU..atom.4...SER.atom.78..",0.000602563235528236
"ILE..atom.5...SER.atom.78..",0.000185824430590093
"LYS..atom.34...SER.atom.78..",1.00864775667406
"GLY..atom.46...SER.atom.78..",4.966042775943
"PHE..atom.47...SER.atom.78..",0.000642241552263799
"LYS..atom.74...SER.atom.78..",0.000171880657812066
"LEU..atom.75...SER.atom.78..",0.000288505555492355
"TRP..atom.11...DG.atom.79..",4.82746849672776e-05
"LYS..atom.12...DG.atom.79..",0.000182543964534762
"ASP..atom.36...DG.atom.79..",3.57448490175917e-05
"LEU..atom.37...DG.atom.79..",3.60190475002768e-05
"LYS..atom.38...DG.atom.79..",4.82311037000973e-05
"THR..atom.39...DG.atom.79..",0.000132634388256799
"GLY..atom.40...DG.atom.79..",0.000175414727311377
"HIS..atom.41...DG.atom.79..",0.00080192475329937
"SER..atom.42...DG.atom.79..",0.000215042664938022
"LYS..atom.43...DG.atom.79..",2.88576235595862e-05
"GLY..atom.68...DG.atom.79..",0.00037150428920891
"PRO..atom.10...DT.atom.80..",4.9507051409752e-05
"TRP..atom.11...DT.atom.80..",0.00010048306309965
"LYS..atom.12...DT.atom.80..",2.0262398426886e-05
"ASP..atom.36...DT.atom.80..",0.000509245374983503
"LYS..atom.38...DT.atom.80..",2.26770857923217e-06
"THR..atom.39...DT.atom.80..",0.000869527018511915
"GLY..atom.40...DT.atom.80..",0.000780202153989434
"HIS..atom.41...DT.atom.80..",4.63041668887567e-05
"SER..atom.42...DT.atom.80..",0.000118527880420908
"LYS..atom.43...DT.atom.80..",0.0039935283464084
"GLY..atom.44...DT.atom.80..",1.60144311694663e-05
"GLY..atom.68...DT.atom.80..",2.18318039046874e-05
"ARG..atom.69...DT.atom.80..",0.000826718032189
"PRO..atom.10...DT.atom.81..",0.000193726280737395
"TRP..atom.11...DT.atom.81..",4.98912104062263e-05
"LYS..atom.12...DT.atom.81..",0.000108774349531923
"ASP..atom.36...DT.atom.81..",0.000121165623434289
"THR..atom.39...DT.atom.81..",0.000539986179927938
"HIS..atom.41...DT.atom.81..",0.000311360634314662
"SER..atom.42...DT.atom.81..",3.71346673837441e-05
"LYS..atom.43...DT.atom.81..",0.000207702948514348
"GLY..atom.44...DT.atom.81..",4.28385542317006e-05
"GLY..atom.68...DT.atom.81..",0.000826039389843193
"ARG..atom.69...DT.atom.81..",0.00443474661229973
"DG..atom.79...DT.atom.81..",0.000551777411949575
"LEU..atom.7...DG.atom.82..",0.00141319073645469
"GLY..atom.8...DG.atom.82..",0.000358985457357259
"LEU..atom.9...DG.atom.82..",0.000154456001909349
"PRO..atom.10...DG.atom.82..",0.00139945725439224
"TRP..atom.11...DG.atom.82..",0.000416864295612019
"HIS..atom.41...DG.atom.82..",0.000121207587995706
"SER..atom.42...DG.atom.82..",0.000360474770384987
"LYS..atom.43...DG.atom.82..",0.000129246613021206
"GLY..atom.44...DG.atom.82..",0.00526025593055474
"PHE..atom.45...DG.atom.82..",0.000281985910803449
"GLY..atom.68...DG.atom.82..",0.000100668521502223
"ARG..atom.69...DG.atom.82..",0.000124969428787158
"TRP..atom.70...DG.atom.82..",9.27765946119887e-05
"DT..atom.80...DG.atom.82..",4.71604732413803e-05
"LEU..atom.7...DA.atom.83..",4.45224286585071e-05
"GLY..atom.8...DA.atom.83..",7.66364745527054e-05
"LYS..atom.43...DA.atom.83..",0.000264139331043503
"GLY..atom.44...DA.atom.83..",7.14619503042041e-05
"PHE..atom.45...DA.atom.83..",0.000833834426470613
"ARG..atom.69...DA.atom.83..",6.92459871284517e-05
"TRP..atom.70...DA.atom.83..",7.62893517919502e-05
"DT..atom.81...DA.atom.83..",0.000421748999339848
"VAL..atom.6...DG.atom.84..",0.000185381822274432
"LEU..atom.7...DG.atom.84..",0.00405377063080154
"GLY..atom.8...DG.atom.84..",0.000103894510016826
"LYS..atom.43...DG.atom.84..",0.000433564196382479
"GLY..atom.44...DG.atom.84..",0.00037669909198645
"PHE..atom.45...DG.atom.84..",0.000108811275769978
"ASP..atom.72...DG.atom.84..",0.000233937968882853
"ASN..atom.77...DG.atom.84..",0.0357693493569635
"SER..atom.78...DG.atom.84..",0.000262401690708635
"DT..atom.81...DG.atom.84..",0.000578404782835057
"DG..atom.82...DG.atom.84..",0.000240608032552163
"ILE..atom.5...DC.atom.85..",0.000781761860118033
"VAL..atom.6...DC.atom.85..",0.000162905195442543
"LEU..atom.7...DC.atom.85..",0.000139869309097739
"LYS..atom.34...DC.atom.85..",0.000797604575165352
"LYS..atom.43...DC.atom.85..",5.77532228650627e-05
"PHE..atom.45...DC.atom.85..",4.46399306585616e-05
"GLY..atom.46...DC.atom.85..",0.000106300272805242
"LYS..atom.74...DC.atom.85..",6.46243715979474e-05
"LEU..atom.75...DC.atom.85..",5.17920444629603e-05
"PRO..atom.76...DC.atom.85..",6.4715274270893e-05
"ASN..atom.77...DC.atom.85..",2.03122847126727e-05
"SER..atom.78...DC.atom.85..",0.00101166242608165
"DA..atom.83...DC.atom.85..",3.30274287819568e-05
"SER..atom.2...DG.atom.86..",0.00188323050453041
"ASP..atom.3...DG.atom.86..",0.000211988022824098
"LEU..atom.4...DG.atom.86..",4.07778794474044e-05
"ILE..atom.5...DG.atom.86..",1.82671547377022e-05
"VAL..atom.6...DG.atom.86..",4.10230332746954e-05
"GLN..atom.32...DG.atom.86..",5.40468836690867e-06
"VAL..atom.33...DG.atom.86..",0.000464607158403781
"LYS..atom.34...DG.atom.86..",0.00301169651817662
"LYS..atom.35...DG.atom.86..",7.11758675729495e-05
"ASP..atom.36...DG.atom.86..",4.91333231510528e-05
"LEU..atom.37...DG.atom.86..",0.000206836334094344
"LYS..atom.43...DG.atom.86..",0.000161913218952902
"PHE..atom.45...DG.atom.86..",6.29664624855297e-05
"GLY..atom.46...DG.atom.86..",0.000204637453631303
"PHE..atom.47...DG.atom.86..",5.37737240532722e-05
"VAL..atom.48...DG.atom.86..",0.0031006087693945
"LYS..atom.74...DG.atom.86..",7.82241717015891e-05
"LEU..atom.75...DG.atom.86..",8.40570907941658e-05
"PRO..atom.76...DG.atom.86..",0.000166632069806801
"ASN..atom.77...DG.atom.86..",0.00134826433872296
"SER..atom.78...DG.atom.86..",0.000388550112149992
"DG..atom.84...DG.atom.86..",1.85738320422352e-05
"SER..atom.2...DT.atom.87..",5.96167362063782e-05
"ASP..atom.3...DT.atom.87..",7.72358397358315e-05
"LEU..atom.4...DT.atom.87..",2.55060895925198e-05
"ILE..atom.5...DT.atom.87..",3.81434888561279e-05
"VAL..atom.31...DT.atom.87..",0.000105795562620185
"GLN..atom.32...DT.atom.87..",0.000241558530320503
"VAL..atom.33...DT.atom.87..",8.55815747243995e-05
"LYS..atom.34...DT.atom.87..",8.31277646256036e-05
"LYS..atom.35...DT.atom.87..",1.38677425050727e-05
"ASP..atom.36...DT.atom.87..",0.000115471248704307
"LEU..atom.37...DT.atom.87..",0.000150715939438293
"LYS..atom.38...DT.atom.87..",1.55969222207255e-05
"THR..atom.39...DT.atom.87..",7.60651294613378e-05
"GLY..atom.40...DT.atom.87..",0.000201241763585729
"HIS..atom.41...DT.atom.87..",0.000887889778653413
"LYS..atom.43...DT.atom.87..",0.000261389771732561
"PHE..atom.45...DT.atom.87..",0.000196046516436892
"GLY..atom.46...DT.atom.87..",4.14752558517013e-05
"PHE..atom.47...DT.atom.87..",7.02376309731036e-05
"VAL..atom.48...DT.atom.87..",4.70265589741125e-05
"PRO..atom.76...DT.atom.87..",7.07863419538494e-05
"ASN..atom.77...DT.atom.87..",0.000511568994916808
"SER..atom.78...DT.atom.87..",0.00514023578379057
"DG..atom.79...DT.atom.87..",2.45764555154514e-05
"DT..atom.80...DT.atom.87..",2.56896617435226e-05
"DT..atom.81...DT.atom.87..",9.32770359078829e-05
"DG..atom.82...DT.atom.87..",9.62193639995431e-05
"DA..atom.83...DT.atom.87..",5.2870324390395e-05
"DG..atom.84...DT.atom.87..",0.000183666915563064
"DC..atom.85...DT.atom.87..",0.000803955937372179
"SER..atom.2...DT.atom.88..",0.00020528687177858
"ASP..atom.3...DT.atom.88..",1.73382499678338e-05
"GLU..atom.15...DT.atom.88..",3.45501615553754e-05
"MET..atom.30...DT.atom.88..",0.000285037111137195
"VAL..atom.31...DT.atom.88..",2.23161648862443e-05
"GLN..atom.32...DT.atom.88..",0.000176957908281042
"VAL..atom.33...DT.atom.88..",0.000191020787351939
"LYS..atom.34...DT.atom.88..",0.000300757197206499
"LYS..atom.35...DT.atom.88..",4.3791034829181e-07
"ASP..atom.36...DT.atom.88..",0.000231058352924161
"LEU..atom.37...DT.atom.88..",0.00345940340140744
"LYS..atom.38...DT.atom.88..",4.82712357022986e-05
"THR..atom.39...DT.atom.88..",0.000105856604992201
"GLY..atom.40...DT.atom.88..",0.000767992278858083
"LYS..atom.43...DT.atom.88..",0.00088895755926701
"GLY..atom.46...DT.atom.88..",9.40628926273095e-05
"PHE..atom.47...DT.atom.88..",0.000369380332741266
"SER..atom.78...DT.atom.88..",0.00059285170184205
"DG..atom.79...DT.atom.88..",0.000118380124095594
"DG..atom.84...DT.atom.88..",0.00250170946139198
"DC..atom.85...DT.atom.88..",6.49018900300549e-05
"DG..atom.86...DT.atom.88..",2.99259534728129e-05
