"","Feature","Gain"
"1","LYS..atom.43...DC.atom.85..",0.881793722884012
"2","ASP..atom.36...DT.atom.80..",0.0485542741091166
"3","PHE..atom.47...DG.atom.86..",0.0242421972016267
"4","LYS..atom.43...DG.atom.79..",0.0130766660429326
"5","THR..atom.1...THR.atom.51..",0.00976477070495987
"6","THR..atom.1...SER.atom.78..",0.00882545104863701
"7","LEU..atom.37...DG.atom.79..",0.00417095300457201
"8","DC..atom.85...DT.atom.88..",0.000892339838169917
"9","VAL..atom.6...DG.atom.86..",0.000880779148901463
"10","THR..atom.1...VAL.atom.48..",0.000667762963003831
"11","HIS..atom.41...DT.atom.80..",0.000664489546651966
"12","LYS..atom.43...DT.atom.80..",0.000589745479321091
"13","ASP..atom.3...VAL.atom.57..",0.000539265915042981
"14","DG..atom.86...DT.atom.88..",0.000511192910422459
"15","THR..atom.1...TYR.atom.53..",0.00036095542431964
"16","PHE..atom.45...CYS.atom.71..",0.000328186606189516
"17","GLY..atom.40...LYS.atom.43..",0.000302836413228758
"18","LYS..atom.58...ARG.atom.63..",0.000207986333890296
"19","LEU..atom.7...PRO.atom.76..",0.000203412533110358
"20","LYS..atom.43...DG.atom.86..",0.000192239194587773
"21","VAL..atom.48...TYR.atom.53..",0.000186859426119785
"22","VAL..atom.59...ASP.atom.72..",0.000174823244038321
"23","ASP..atom.3...TYR.atom.53..",0.000169802979381915
"24","LYS..atom.38...DT.atom.80..",0.000163188715870049
"25","GLY..atom.40...DT.atom.80..",0.000153771139840306
"26","TRP..atom.70...DG.atom.82..",0.000147361089295947
"27","LEU..atom.4...THR.atom.55..",0.000147312603405261
"28","MET..atom.60...PRO.atom.76..",0.000144147088345836
"29","LEU..atom.4...TYR.atom.53..",0.000144144455511891
"30","PHE..atom.47...PRO.atom.76..",0.000144066024081734
"31","ASP..atom.3...THR.atom.51..",0.00014406376618232
"32","PRO..atom.76...DT.atom.87..",0.000143296480301398
"33","SER..atom.2...VAL.atom.28..",0.000141564940275642
"34","SER..atom.2...PRO.atom.76..",0.000141031477040149
"35","LEU..atom.4...VAL.atom.57..",0.000139946488423732
"36","ASP..atom.36...DG.atom.79..",0.00013994402474269
"37","THR..atom.24...HIS.atom.64..",0.000139826283491234
"38","ILE..atom.5...VAL.atom.57..",0.000139512598608819
"39","THR..atom.1...ILE.atom.5..",9.36803337622544e-05
"40","THR..atom.1...VAL.atom.33..",8.4413610714854e-05
"41","THR..atom.1...PRO.atom.76..",3.93476229761295e-05
"42","ILE..atom.5...LEU.atom.9..",3.84340077090836e-05
"43","PHE..atom.47...DT.atom.88..",3.28293583044154e-05
"44","ILE..atom.5...DG.atom.86..",3.21048443507113e-05
"45","LEU..atom.7...ILE.atom.66..",2.58981357638466e-05
"46","GLY..atom.26...GLU.atom.54..",2.0683992907226e-05
"47","SER..atom.2...VAL.atom.33..",1.47464082117166e-05
"48","THR..atom.1...VAL.atom.57..",1.45541835426365e-05
"49","VAL..atom.48...GLN.atom.56..",1.03574046866463e-05
"50","ILE..atom.5...DT.atom.87..",1.00595138127706e-05
"51","GLY..atom.26...LEU.atom.29..",9.38693752512865e-06
"52","HIS..atom.64...CYS.atom.73..",7.79145603294899e-06
"53","ARG..atom.49...TYR.atom.53..",7.36142387422195e-06
"54","THR..atom.13...ARG.atom.69..",6.7837846531014e-06
"55","THR..atom.1...VAL.atom.31..",4.45424318142293e-06
"56","THR..atom.13...LYS.atom.43..",4.28242136456358e-06
"57","DG..atom.79...DT.atom.88..",4.12179657003466e-06
"58","SER..atom.2...ASN.atom.77..",4.05781923864308e-06
"59","THR..atom.1...GLU.atom.54..",3.98729717786127e-06
"60","VAL..atom.57...LEU.atom.75..",3.78617633483109e-06
"61","VAL..atom.48...DG.atom.86..",3.70169933592451e-06
"62","SER..atom.2...VAL.atom.6..",3.47489496514461e-06
"63","SER..atom.2...SER.atom.78..",3.41314613508591e-06
"64","GLN..atom.62...LEU.atom.75..",3.26508292826405e-06
"65","THR..atom.39...DG.atom.79..",3.25429825032145e-06
"66","SER..atom.2...GLN.atom.32..",3.23624534096282e-06
"67","GLY..atom.46...DG.atom.86..",3.13278826960712e-06
"68","PRO..atom.76...DG.atom.86..",2.93946968500038e-06
"69","THR..atom.1...GLN.atom.32..",2.7809513090904e-06
"70","THR..atom.39...DT.atom.80..",2.75394300382486e-06
"71","SER..atom.2...VAL.atom.48..",2.52838156829696e-06
"72","GLU..atom.15...GLY.atom.44..",1.82493428368636e-06
"73","VAL..atom.48...LYS.atom.74..",1.82392668589835e-06
"74","LYS..atom.43...DT.atom.81..",1.51291433944593e-06
"75","SER..atom.2...THR.atom.51..",1.49781276377558e-06
"76","THR..atom.1...THR.atom.55..",1.40489424572164e-06
"77","LYS..atom.74...DG.atom.86..",1.32852122510798e-06
"78","SER..atom.2...ILE.atom.5..",1.24587142866327e-06
"79","LYS..atom.12...DT.atom.81..",1.1137461394515e-06
"80","HIS..atom.64...GLY.atom.68..",1.0997478003918e-06
"81","SER..atom.2...LEU.atom.75..",9.97066667963065e-07
"82","DA..atom.83...DT.atom.87..",8.62291424164626e-07
"83","THR..atom.1...PHE.atom.47..",7.4728572061273e-07
"84","THR..atom.1...PHE.atom.45..",6.71162170385198e-07
"85","PHE..atom.45...DT.atom.87..",5.01948785715443e-07
"86","DG..atom.82...DT.atom.87..",4.32957981118706e-07
"87","LYS..atom.38...DG.atom.79..",3.65343457130759e-07
"88","DG..atom.84...DT.atom.87..",3.45104640938187e-07
"89","LYS..atom.58...HIS.atom.64..",3.21389294890271e-07
"90","LYS..atom.19...PHE.atom.47..",9.50934435066176e-08
"91","LEU..atom.7...LEU.atom.75..",7.41157892964691e-08
"92","THR..atom.1...ASN.atom.77..",7.0131207735502e-08
"93","THR..atom.13...SER.atom.42..",6.15378630695698e-08
"94","PHE..atom.25...ARG.atom.63..",4.89398451572475e-08
"95","GLY..atom.8...ARG.atom.63..",2.6487997692479e-08
"96","DG..atom.79...DT.atom.87..",2.18640319006001e-08
"97","LEU..atom.18...MET.atom.30..",1.11096263865186e-08
